order_id,refunded_within_30d
ORD-00001087,0
ORD-00008706,0
ORD-00002362,0
ORD-00010321,0
ORD-00000440,0
ORD-00003313,0
ORD-00006548,0
ORD-00003054,0
ORD-00010144,0
ORD-00008239,0
ORD-00008464,0
ORD-00003827,0
ORD-00000856,1
ORD-00009006,0
ORD-00004801,0
ORD-00002650,0
ORD-00000942,1
ORD-00000064,0
ORD-00001142,0
ORD-00005900,0
ORD-00000304,1
ORD-00007333,0
ORD-00002096,0
ORD-00007301,0
ORD-00006214,1
ORD-00008186,0
ORD-00000230,1
ORD-00005092,0
ORD-00008028,0
ORD-00003217,0
ORD-00000328,0
ORD-00008698,0
ORD-00001620,0
ORD-00003455,0
ORD-00008965,0
ORD-00011906,0
ORD-00004297,0
ORD-00000527,1
ORD-00008467,0
ORD-00009952,0
ORD-00009689,0
ORD-00005715,0
ORD-00008251,0
ORD-00011687,0
ORD-00001342,0
ORD-00007770,0
ORD-00006523,0
ORD-00005345,0
ORD-00001784,0
ORD-00005479,1
ORD-00004643,0
ORD-00011839,0
ORD-00000461,0
ORD-00006695,0
ORD-00000739,0
ORD-00007685,0
ORD-00006709,0
ORD-00009360,0
ORD-00003112,0
ORD-00001476,0
ORD-00006287,0
ORD-00010612,0
ORD-00004780,0
ORD-00003245,0
ORD-00004659,0
ORD-00008810,0
ORD-00003689,0
ORD-00004638,0
ORD-00000580,0
ORD-00006664,0
ORD-00004837,0
ORD-00006545,0
ORD-00006489,0
ORD-00003825,0
ORD-00001329,0
ORD-00000953,0
ORD-00009565,0
ORD-00010175,0
ORD-00006623,0
ORD-00002376,0
ORD-00005678,0
ORD-00003621,0
ORD-00002139,0
ORD-00001167,0
ORD-00000072,1
ORD-00003991,0
ORD-00006415,0
ORD-00004191,0
ORD-00002110,1
ORD-00007746,1
ORD-00007240,0
ORD-00007292,0
ORD-00006696,1
ORD-00004740,0
ORD-00009598,0
ORD-00002178,0
ORD-00003183,1
ORD-00009929,0
ORD-00008727,0
ORD-00007716,0
ORD-00011255,0
ORD-00010008,0
ORD-00000059,1
ORD-00006620,0
ORD-00003365,0
ORD-00011004,0
ORD-00008314,0
ORD-00011506,0
ORD-00009630,0
ORD-00007695,0
ORD-00010982,1
ORD-00005235,0
ORD-00004779,0
ORD-00003155,0
ORD-00002552,0
ORD-00003840,0
ORD-00003526,0
ORD-00008372,0
ORD-00011650,0
ORD-00001300,0
ORD-00004035,0
ORD-00005116,0
ORD-00002549,0
ORD-00002108,0
ORD-00007516,0
ORD-00005537,0
ORD-00003459,0
ORD-00000572,0
ORD-00004553,0
ORD-00003651,0
ORD-00010924,0
ORD-00002615,0
ORD-00000744,0
ORD-00001905,0
ORD-00011212,0
ORD-00009885,0
ORD-00010222,0
ORD-00008399,0
ORD-00009280,0
ORD-00009035,0
ORD-00001337,0
ORD-00010748,0
ORD-00007828,0
ORD-00010681,0
ORD-00011490,0
ORD-00001325,0
ORD-00004445,0
ORD-00004446,0
ORD-00003369,1
ORD-00006202,0
ORD-00005226,0
ORD-00007604,0
ORD-00000748,0
ORD-00003143,0
ORD-00008223,0
ORD-00002950,0
ORD-00007133,0
ORD-00007510,0
ORD-00002566,0
ORD-00005615,0
ORD-00003146,0
ORD-00005019,0
ORD-00000269,1
ORD-00006089,0
ORD-00002265,0
ORD-00008380,0
ORD-00001250,0
ORD-00009663,0
ORD-00001081,1
ORD-00003772,0
ORD-00011381,1
ORD-00001930,0
ORD-00010124,0
ORD-00002344,0
ORD-00000047,0
ORD-00011399,0
ORD-00011949,0
ORD-00001056,0
ORD-00000148,0
ORD-00007627,0
ORD-00001722,0
ORD-00009436,0
ORD-00010399,0
ORD-00004591,0
ORD-00011478,0
ORD-00003737,0
ORD-00003783,0
ORD-00004079,0
ORD-00000394,0
ORD-00003121,0
ORD-00007258,0
ORD-00010821,0
ORD-00001285,0
ORD-00000601,0
ORD-00000046,0
ORD-00006936,0
ORD-00009653,1
ORD-00010343,0
ORD-00003759,0
ORD-00004755,0
ORD-00001288,0
ORD-00009986,0
ORD-00003047,0
ORD-00001703,0
ORD-00001531,0
ORD-00004920,0
ORD-00002708,0
ORD-00004286,0
ORD-00011838,0
ORD-00002393,0
ORD-00005428,0
ORD-00010199,0
ORD-00010710,0
ORD-00011197,0
ORD-00007248,0
ORD-00009002,0
ORD-00003279,0
ORD-00009348,0
ORD-00008575,0
ORD-00011248,0
ORD-00006476,0
ORD-00003536,0
ORD-00010373,1
ORD-00000657,0
ORD-00000555,0
ORD-00001900,0
ORD-00011656,0
ORD-00006575,0
ORD-00004678,1
ORD-00000145,0
ORD-00002005,1
ORD-00008653,0
ORD-00000730,1
ORD-00007714,0
ORD-00001377,0
ORD-00002992,0
ORD-00009694,0
ORD-00001111,0
ORD-00011120,0
ORD-00010242,1
ORD-00003076,0
ORD-00005442,1
ORD-00006738,0
ORD-00007276,0
ORD-00010337,0
ORD-00003667,0
ORD-00000187,0
ORD-00008731,0
ORD-00005835,0
ORD-00000302,0
ORD-00003351,0
ORD-00006330,0
ORD-00001458,0
ORD-00005021,0
ORD-00009487,0
ORD-00005853,0
ORD-00007802,1
ORD-00006291,0
ORD-00005310,0
ORD-00008934,0
ORD-00006413,1
ORD-00002925,0
ORD-00010646,0
ORD-00006702,0
ORD-00002036,0
ORD-00005319,0
ORD-00001276,1
ORD-00007128,0
ORD-00000215,0
ORD-00004396,0
ORD-00001645,0
ORD-00004113,0
ORD-00005282,1
ORD-00011442,0
ORD-00002388,0
ORD-00000183,1
ORD-00000496,0
ORD-00009587,0
ORD-00004103,0
ORD-00007094,0
ORD-00002568,0
ORD-00006546,1
ORD-00008171,0
ORD-00001760,0
ORD-00010836,0
ORD-00011421,0
ORD-00005366,0
ORD-00010871,0
ORD-00010478,0
ORD-00005034,1
ORD-00011112,0
ORD-00002196,0
ORD-00000245,0
ORD-00001651,0
ORD-00002343,0
ORD-00007342,0
ORD-00003164,0
ORD-00000596,0
ORD-00011634,0
ORD-00011986,0
ORD-00005123,0
ORD-00005219,0
ORD-00005212,0
ORD-00001380,0
ORD-00011295,0
ORD-00001420,0
ORD-00006940,0
ORD-00006660,0
ORD-00010096,0
ORD-00000414,0
ORD-00011904,1
ORD-00010978,0
ORD-00001947,0
ORD-00008764,1
ORD-00011593,0
ORD-00004189,1
ORD-00003505,0
ORD-00010180,0
ORD-00007235,0
ORD-00009923,0
ORD-00005016,0
ORD-00008444,0
ORD-00008418,0
ORD-00001407,0
ORD-00011739,0
ORD-00002844,0
ORD-00000009,1
ORD-00000283,0
ORD-00009237,0
ORD-00008208,0
ORD-00008233,0
ORD-00008959,0
ORD-00010798,0
ORD-00003325,0
ORD-00003630,0
ORD-00008983,0
ORD-00009908,1
ORD-00010168,0
ORD-00004243,0
ORD-00002356,0
ORD-00009778,0
ORD-00001656,0
ORD-00001990,0
ORD-00007504,0
ORD-00005324,0
ORD-00002177,0
ORD-00006554,1
ORD-00008489,0
ORD-00003799,0
ORD-00003905,0
ORD-00004552,0
ORD-00005939,0
ORD-00004785,0
ORD-00003227,0
ORD-00001280,0
ORD-00002173,0
ORD-00000931,0
ORD-00000058,0
ORD-00003339,0
ORD-00006171,0
ORD-00008991,0
ORD-00010147,0
ORD-00010431,0
ORD-00001572,0
ORD-00007667,0
ORD-00009112,0
ORD-00004978,0
ORD-00003544,0
ORD-00000802,0
ORD-00010449,0
ORD-00009268,0
ORD-00001811,1
ORD-00010078,0
ORD-00010579,0
ORD-00003238,0
ORD-00005120,0
ORD-00005688,0
ORD-00000976,0
ORD-00006385,0
ORD-00002694,0
ORD-00011026,0
ORD-00008054,1
ORD-00000100,0
ORD-00011238,0
ORD-00009395,0
ORD-00008597,0
ORD-00006459,1
ORD-00001059,0
ORD-00008273,0
ORD-00001477,0
ORD-00002814,0
ORD-00005390,0
ORD-00010157,0
ORD-00000121,0
ORD-00006594,1
ORD-00006516,0
ORD-00008338,0
ORD-00000037,1
ORD-00004888,0
ORD-00011056,0
ORD-00003454,0
ORD-00001221,1
ORD-00010835,0
ORD-00005967,1
ORD-00010735,0
ORD-00007647,0
ORD-00009647,0
ORD-00004545,0
ORD-00005354,1
ORD-00009581,0
ORD-00011995,0
ORD-00010073,0
ORD-00008488,0
ORD-00004293,0
ORD-00003197,1
ORD-00000989,0
ORD-00004120,0
ORD-00010376,0
ORD-00005657,0
ORD-00009086,0
ORD-00001992,0
ORD-00007109,0
ORD-00000549,0
ORD-00004934,0
ORD-00004366,0
ORD-00003747,0
ORD-00000405,0
ORD-00011755,0
ORD-00003481,0
ORD-00004267,0
ORD-00002701,0
ORD-00010029,0
ORD-00000914,0
ORD-00009096,0
ORD-00007194,0
ORD-00009446,0
ORD-00000293,0
ORD-00007744,0
ORD-00005683,0
ORD-00009167,0
ORD-00007680,1
ORD-00006466,0
ORD-00000895,0
ORD-00009419,0
ORD-00008954,0
ORD-00003774,0
ORD-00011653,0
ORD-00011871,0
ORD-00009347,0
ORD-00004624,0
ORD-00004470,0
ORD-00001642,0
ORD-00008342,1
ORD-00011898,0
ORD-00003706,0
ORD-00007256,0
ORD-00008019,0
ORD-00007069,0
ORD-00011553,0
ORD-00002605,0
ORD-00002232,0
ORD-00005963,0
ORD-00001090,1
ORD-00009017,0
ORD-00003243,0
ORD-00002224,0
ORD-00004703,0
ORD-00000673,0
ORD-00002752,1
ORD-00004993,0
ORD-00003725,0
ORD-00009754,0
ORD-00008126,0
ORD-00000355,0
ORD-00004815,1
ORD-00010675,0
ORD-00006932,0
ORD-00001857,0
ORD-00009962,0
ORD-00008860,0
ORD-00003829,0
ORD-00011680,1
ORD-00009808,0
ORD-00008857,0
ORD-00005189,0
ORD-00009760,1
ORD-00005272,0
ORD-00004631,1
ORD-00000841,0
ORD-00006038,0
ORD-00003999,0
ORD-00005042,0
ORD-00011588,0
ORD-00004417,0
ORD-00005107,1
ORD-00011965,0
ORD-00007649,0
ORD-00009431,0
ORD-00004952,0
ORD-00001682,0
ORD-00005956,0
ORD-00008202,0
ORD-00001782,0
ORD-00003979,0
ORD-00002160,0
ORD-00008554,0
ORD-00001544,0
ORD-00002595,0
ORD-00008701,0
ORD-00000978,0
ORD-00002932,0
ORD-00009210,0
ORD-00001576,0
ORD-00000599,0
ORD-00009534,1
ORD-00001073,0
ORD-00010812,0
ORD-00000769,0
ORD-00009045,0
ORD-00002071,0
ORD-00009893,0
ORD-00000864,0
ORD-00008309,0
ORD-00005177,0
ORD-00001861,0
ORD-00010961,0
ORD-00003955,0
ORD-00004098,0
ORD-00011441,0
ORD-00011519,0
ORD-00003038,0
ORD-00007428,0
ORD-00003988,0
ORD-00001726,0
ORD-00007062,0
ORD-00011694,0
ORD-00000756,1
ORD-00010050,0
ORD-00000618,0
ORD-00005027,0
ORD-00002475,0
ORD-00010285,0
ORD-00007670,0
ORD-00005082,0
ORD-00004585,0
ORD-00001014,0
ORD-00009620,0
ORD-00001643,0
ORD-00005788,0
ORD-00011271,0
ORD-00002572,0
ORD-00006900,0
ORD-00001323,0
ORD-00002556,1
ORD-00006236,0
ORD-00004370,0
ORD-00008197,0
ORD-00008453,0
ORD-00007697,1
ORD-00003897,0
ORD-00005304,0
ORD-00008686,0
ORD-00001220,1
ORD-00009168,0
ORD-00007567,0
ORD-00006156,0
ORD-00000224,0
ORD-00006464,0
ORD-00004076,1
ORD-00005555,1
ORD-00008638,0
ORD-00003980,0
ORD-00006685,0
ORD-00005399,0
ORD-00010487,0
ORD-00000190,0
ORD-00004962,0
ORD-00010502,0
ORD-00010328,0
ORD-00004690,0
ORD-00001257,0
ORD-00008746,1
ORD-00011885,0
ORD-00009810,0
ORD-00009150,0
ORD-00000663,0
ORD-00000535,0
ORD-00002190,0
ORD-00003087,0
ORD-00008782,0
ORD-00004121,1
ORD-00005058,0
ORD-00006122,0
ORD-00009642,0
ORD-00007476,0
ORD-00003203,0
ORD-00009646,0
ORD-00001421,1
ORD-00002219,0
ORD-00010179,0
ORD-00006163,0
ORD-00002770,0
ORD-00010674,0
ORD-00007707,0
ORD-00007986,0
ORD-00001235,0
ORD-00005942,0
ORD-00004947,0
ORD-00008242,1
ORD-00007972,0
ORD-00000250,0
ORD-00001904,1
ORD-00007162,0
ORD-00000901,0
ORD-00000840,0
ORD-00007222,0
ORD-00003321,0
ORD-00000447,0
ORD-00007947,0
ORD-00004004,0
ORD-00011853,0
ORD-00003299,0
ORD-00009135,0
ORD-00000723,0
ORD-00002042,0
ORD-00011447,0
ORD-00001195,0
ORD-00006781,0
ORD-00010592,0
ORD-00010930,0
ORD-00007515,0
ORD-00000364,0
ORD-00011259,0
ORD-00004644,0
ORD-00000553,0
ORD-00010818,0
ORD-00000501,1
ORD-00010881,0
ORD-00002112,0
ORD-00002335,0
ORD-00004319,0
ORD-00007955,0
ORD-00001457,0
ORD-00011863,0
ORD-00009426,0
ORD-00006003,0
ORD-00002175,0
ORD-00003870,0
ORD-00006544,0
ORD-00010054,0
ORD-00008544,0
ORD-00006792,0
ORD-00006382,1
ORD-00007760,1
ORD-00006269,0
ORD-00003434,0
ORD-00005312,0
ORD-00002457,0
ORD-00010551,0
ORD-00004661,0
ORD-00003635,0
ORD-00004898,0
ORD-00001655,0
ORD-00006619,0
ORD-00003185,0
ORD-00008205,0
ORD-00009529,0
ORD-00010746,0
ORD-00010662,0
ORD-00004724,0
ORD-00006608,0
ORD-00004756,0
ORD-00007876,0
ORD-00005580,0
ORD-00007084,0
ORD-00003391,0
ORD-00002931,0
ORD-00010495,0
ORD-00006367,0
ORD-00010064,0
ORD-00000351,0
ORD-00009011,0
ORD-00006467,0
ORD-00003007,0
ORD-00007740,0
ORD-00005875,0
ORD-00009162,0
ORD-00011576,0
ORD-00001222,0
ORD-00001873,0
ORD-00009610,1
ORD-00001625,0
ORD-00000900,0
ORD-00002661,0
ORD-00000349,0
ORD-00003016,0
ORD-00004012,0
ORD-00000378,0
ORD-00003225,0
ORD-00007326,0
ORD-00007123,0
ORD-00006699,0
ORD-00011173,0
ORD-00000070,0
ORD-00001879,1
ORD-00011854,0
ORD-00003035,0
ORD-00007904,0
ORD-00000717,0
ORD-00008500,0
ORD-00007132,0
ORD-00010627,0
ORD-00001993,1
ORD-00002625,0
ORD-00011353,0
ORD-00009455,0
ORD-00009492,0
ORD-00009457,0
ORD-00004550,0
ORD-00006683,0
ORD-00000048,0
ORD-00006854,0
ORD-00009069,1
ORD-00002220,0
ORD-00009708,0
ORD-00001552,0
ORD-00007637,0
ORD-00008690,0
ORD-00000805,0
ORD-00004253,0
ORD-00002342,0
ORD-00005536,0
ORD-00009870,0
ORD-00009921,0
ORD-00008792,0
ORD-00008247,0
ORD-00005666,1
ORD-00001886,1
ORD-00005764,0
ORD-00005038,0
ORD-00004271,1
ORD-00009070,0
ORD-00000671,0
ORD-00002045,0
ORD-00002261,0
ORD-00004090,0
ORD-00009023,0
ORD-00004436,0
ORD-00011077,0
ORD-00009804,0
ORD-00005231,0
ORD-00000654,0
ORD-00004416,0
ORD-00006461,0
ORD-00010492,0
ORD-00007835,0
ORD-00004242,0
ORD-00007031,0
ORD-00006365,0
ORD-00005905,0
ORD-00004510,0
ORD-00000972,0
ORD-00008874,0
ORD-00009699,1
ORD-00000159,0
ORD-00005986,0
ORD-00007097,1
ORD-00009507,0
ORD-00011790,0
ORD-00000941,0
ORD-00002579,0
ORD-00005232,0
ORD-00001343,1
ORD-00000325,1
ORD-00006916,0
ORD-00007479,0
ORD-00001261,0
ORD-00009393,0
ORD-00008417,0
ORD-00006844,0
ORD-00002288,0
ORD-00005084,0
ORD-00001553,0
ORD-00010273,0
ORD-00011667,0
ORD-00007030,0
ORD-00003274,0
ORD-00003952,1
ORD-00009158,0
ORD-00010266,0
ORD-00001927,0
ORD-00004379,0
ORD-00005335,0
ORD-00008080,0
ORD-00002276,0
ORD-00007499,0
ORD-00004994,1
ORD-00011480,0
ORD-00003178,0
ORD-00004356,0
ORD-00004881,0
ORD-00002238,0
ORD-00000560,0
ORD-00008298,1
ORD-00000023,0
ORD-00002522,0
ORD-00010633,0
ORD-00008679,0
ORD-00009498,0
ORD-00002979,0
ORD-00003659,0
ORD-00009771,0
ORD-00009281,0
ORD-00000441,0
ORD-00008145,1
ORD-00011812,0
ORD-00007633,0
ORD-00001764,0
ORD-00004152,0
ORD-00006264,0
ORD-00006284,0
ORD-00007275,0
ORD-00009061,0
ORD-00007092,0
ORD-00004072,0
ORD-00011479,0
ORD-00011820,0
ORD-00003637,0
ORD-00009220,0
ORD-00011218,0
ORD-00002447,0
ORD-00007638,0
ORD-00004706,0
ORD-00004937,0
ORD-00002684,0
ORD-00002223,0
ORD-00008555,0
ORD-00003473,0
ORD-00001839,1
ORD-00000087,0
ORD-00005136,0
ORD-00008236,0
ORD-00010899,0
ORD-00010983,0
ORD-00001817,1
ORD-00008936,0
ORD-00011323,0
ORD-00009104,1
ORD-00005274,0
ORD-00002399,0
ORD-00006470,0
ORD-00001672,0
ORD-00003404,0
ORD-00006480,0
ORD-00003935,0
ORD-00008003,0
ORD-00010032,0
ORD-00008930,1
ORD-00010292,0
ORD-00001044,1
ORD-00003393,0
ORD-00007343,1
ORD-00003324,0
ORD-00008670,0
ORD-00006245,0
ORD-00007974,0
ORD-00009054,0
ORD-00008182,0
ORD-00003492,0
ORD-00000980,1
ORD-00010300,0
ORD-00003084,0
ORD-00011348,0
ORD-00004482,0
ORD-00010070,0
ORD-00000126,0
ORD-00011037,1
ORD-00008853,0
ORD-00000958,0
ORD-00007289,0
ORD-00003318,0
ORD-00011410,0
ORD-00002818,0
ORD-00000482,0
ORD-00006658,0
ORD-00001275,0
ORD-00000084,0
ORD-00009938,0
ORD-00011674,0
ORD-00011253,0
ORD-00007421,0
ORD-00002956,0
ORD-00005934,0
ORD-00011455,0
ORD-00007752,1
ORD-00005170,0
ORD-00003319,0
ORD-00009550,1
ORD-00000473,0
ORD-00004348,0
ORD-00002251,0
ORD-00009074,0
ORD-00000068,0
ORD-00009720,0
ORD-00006749,0
ORD-00003709,0
ORD-00006809,0
ORD-00010994,0
ORD-00004918,0
ORD-00003021,0
ORD-00001579,0
ORD-00003559,0
ORD-00008699,1
ORD-00002499,0
ORD-00008576,1
ORD-00011973,0
ORD-00010339,0
ORD-00010987,0
ORD-00011372,1
ORD-00003414,0
ORD-00005622,0
ORD-00002402,0
ORD-00009693,0
ORD-00011107,0
ORD-00003110,1
ORD-00003228,0
ORD-00006903,0
ORD-00009156,0
ORD-00008349,0
ORD-00005230,0
ORD-00007142,0
ORD-00001176,0
ORD-00000396,0
ORD-00000861,0
ORD-00007501,0
ORD-00005444,0
ORD-00009274,0
ORD-00005863,1
ORD-00011522,0
ORD-00005589,1
ORD-00008947,0
ORD-00010288,0
ORD-00002690,0
ORD-00000847,0
ORD-00011574,0
ORD-00004526,0
ORD-00003888,0
ORD-00003283,0
ORD-00002482,0
ORD-00003753,0
ORD-00005812,0
ORD-00003697,1
ORD-00008826,1
ORD-00001201,1
ORD-00000296,0
ORD-00010986,0
ORD-00008267,0
ORD-00010669,0
ORD-00007014,0
ORD-00006518,0
ORD-00000666,0
ORD-00005321,1
ORD-00011752,0
ORD-00004765,0
ORD-00006325,1
ORD-00008487,0
ORD-00004105,0
ORD-00008768,0
ORD-00008603,0
ORD-00008598,0
ORD-00004479,0
ORD-00007153,0
ORD-00003195,0
ORD-00000020,1
ORD-00008845,0
ORD-00005308,0
ORD-00005960,0
ORD-00010740,0
ORD-00004821,1
ORD-00005906,0
ORD-00003525,0
ORD-00005048,0
ORD-00009997,0
ORD-00008124,0
ORD-00005957,0
ORD-00005305,0
ORD-00004310,0
ORD-00011836,0
ORD-00002800,0
ORD-00006396,0
ORD-00002977,0
ORD-00002167,0
ORD-00005110,1
ORD-00001318,0
ORD-00000810,0
ORD-00001871,1
ORD-00010608,0
ORD-00009166,0
ORD-00000961,0
ORD-00009445,0
ORD-00005236,0
ORD-00008814,0
ORD-00009187,0
ORD-00002085,0
ORD-00010838,0
ORD-00006219,0
ORD-00004150,0
ORD-00000387,0
ORD-00006009,0
ORD-00002802,0
ORD-00010989,0
ORD-00009286,0
ORD-00010356,0
ORD-00005220,0
ORD-00001628,0
ORD-00006601,0
ORD-00001334,0
ORD-00007653,0
ORD-00011152,0
ORD-00011568,0
ORD-00002228,0
ORD-00011950,0
ORD-00001711,1
ORD-00006340,0
ORD-00011403,1
ORD-00002750,0
ORD-00003875,0
ORD-00002496,0
ORD-00003742,0
ORD-00011776,1
ORD-00003480,0
ORD-00001289,0
ORD-00001138,0
ORD-00008125,0
ORD-00000552,0
ORD-00011025,0
ORD-00005405,0
ORD-00010768,0
ORD-00001889,0
ORD-00011452,0
ORD-00011043,0
ORD-00010626,0
ORD-00004930,0
ORD-00004828,0
ORD-00009823,0
ORD-00000192,0
ORD-00011741,0
ORD-00008354,0
ORD-00011947,0
ORD-00006093,0
ORD-00000906,0
ORD-00005607,0
ORD-00008691,0
ORD-00010366,0
ORD-00007045,1
ORD-00002600,0
ORD-00001341,0
ORD-00008001,0
ORD-00004844,0
ORD-00001112,0
ORD-00009386,0
ORD-00006277,0
ORD-00004488,0
ORD-00002240,0
ORD-00008224,0
ORD-00011610,0
ORD-00000080,0
ORD-00005374,0
ORD-00003685,1
ORD-00003379,0
ORD-00011294,0
ORD-00008755,1
ORD-00006686,0
ORD-00002707,0
ORD-00004977,1
ORD-00009935,0
ORD-00000439,0
ORD-00011000,0
ORD-00002543,0
ORD-00011263,0
ORD-00000408,0
ORD-00001178,0
ORD-00004469,0
ORD-00008010,0
ORD-00007960,1
ORD-00008806,0
ORD-00003745,0
ORD-00009442,0
ORD-00011179,0
ORD-00003220,1
ORD-00000890,0
ORD-00003981,0
ORD-00010721,0
ORD-00009574,0
ORD-00008367,0
ORD-00009401,0
ORD-00000412,0
ORD-00010763,0
ORD-00004886,0
ORD-00007621,0
ORD-00006640,0
ORD-00000332,1
ORD-00001985,1
ORD-00010395,0
ORD-00003569,0
ORD-00000845,0
ORD-00000633,0
ORD-00011160,0
ORD-00010925,0
ORD-00005612,0
ORD-00007043,0
ORD-00006063,0
ORD-00001078,0
ORD-00010015,0
ORD-00008618,1
ORD-00008072,0
ORD-00002619,1
ORD-00011073,0
ORD-00002143,0
ORD-00003808,1
ORD-00003346,0
ORD-00009561,1
ORD-00004940,0
ORD-00007202,0
ORD-00003653,0
ORD-00005954,0
ORD-00010756,0
ORD-00002345,0
ORD-00011515,0
ORD-00007582,0
ORD-00011640,1
ORD-00006250,0
ORD-00007570,0
ORD-00009812,0
ORD-00006267,0
ORD-00006799,0
ORD-00007895,0
ORD-00008559,0
ORD-00002476,0
ORD-00006812,0
ORD-00002755,0
ORD-00003692,0
ORD-00001986,0
ORD-00010840,0
ORD-00007834,0
ORD-00005514,0
ORD-00004895,0
ORD-00007640,0
ORD-00004769,0
ORD-00008772,0
ORD-00001647,0
ORD-00002009,0
ORD-00004509,0
ORD-00000030,0
ORD-00002555,1
ORD-00006570,0
ORD-00003558,0
ORD-00007466,0
ORD-00005071,1
ORD-00005726,0
ORD-00008525,0
ORD-00003804,0
ORD-00004989,0
ORD-00002068,0
ORD-00006929,0
ORD-00006642,0
ORD-00000780,0
ORD-00010323,0
ORD-00001854,0
ORD-00004062,1
ORD-00002233,0
ORD-00009261,1
ORD-00008568,0
ORD-00007175,0
ORD-00002385,0
ORD-00000254,1
ORD-00009383,0
ORD-00008339,1
ORD-00011292,1
ORD-00009331,0
ORD-00011600,0
ORD-00005423,0
ORD-00009319,0
ORD-00010013,0
ORD-00009527,0
ORD-00005186,0
ORD-00010020,0
ORD-00001208,0
ORD-00004691,0
ORD-00002235,0
ORD-00009906,1
ORD-00011624,0
ORD-00007579,0
ORD-00009188,0
ORD-00009503,0
ORD-00003830,0
ORD-00006059,1
ORD-00009279,0
ORD-00003192,0
ORD-00006196,0
ORD-00001570,1
ORD-00008844,0
ORD-00007065,0
ORD-00000131,0
ORD-00008849,0
ORD-00010187,0
ORD-00011209,0
ORD-00010585,0
ORD-00003395,0
ORD-00011679,0
ORD-00007431,0
ORD-00007036,0
ORD-00003958,0
ORD-00007010,0
ORD-00008162,1
ORD-00000451,0
ORD-00005898,0
ORD-00000417,0
ORD-00010116,0
ORD-00002347,0
ORD-00003566,0
ORD-00001606,0
ORD-00009696,0
ORD-00003297,0
ORD-00002241,0
ORD-00003513,0
ORD-00006324,0
ORD-00001729,0
ORD-00008079,0
ORD-00002222,0
ORD-00002765,0
ORD-00007493,0
ORD-00002197,0
ORD-00007497,0
ORD-00009147,0
ORD-00006820,0
ORD-00010100,0
ORD-00006161,0
ORD-00007596,0
ORD-00007294,0
ORD-00005810,0
ORD-00000338,0
ORD-00008477,1
ORD-00008586,0
ORD-00005436,0
ORD-00008129,0
ORD-00010311,0
ORD-00001632,0
ORD-00004731,0
ORD-00004184,0
ORD-00004853,0
ORD-00003770,0
ORD-00002466,0
ORD-00002952,0
ORD-00008327,0
ORD-00005647,0
ORD-00010729,0
ORD-00008537,1
ORD-00005711,0
ORD-00002145,0
ORD-00006493,0
ORD-00001453,1
ORD-00002361,0
ORD-00003062,0
ORD-00000401,0
ORD-00006469,0
ORD-00004254,0
ORD-00009585,0
ORD-00004711,0
ORD-00010071,0
ORD-00009763,0
ORD-00010504,0
ORD-00003304,0
ORD-00011750,0
ORD-00003206,1
ORD-00002943,0
ORD-00004635,0
ORD-00007792,0
ORD-00002951,0
ORD-00011881,0
ORD-00004587,0
ORD-00001308,0
ORD-00008741,0
ORD-00000692,0
ORD-00002654,0
ORD-00009944,0
ORD-00006656,0
ORD-00005527,0
ORD-00002759,1
ORD-00007287,0
ORD-00011789,0
ORD-00003989,0
ORD-00009394,0
ORD-00001097,0
ORD-00006877,0
ORD-00000345,0
ORD-00003261,0
ORD-00002548,0
ORD-00006771,0
ORD-00008173,0
ORD-00005294,0
ORD-00009339,0
ORD-00008048,0
ORD-00006124,0
ORD-00001652,0
ORD-00004268,0
ORD-00005496,0
ORD-00008900,0
ORD-00001895,1
ORD-00011171,1
ORD-00009306,0
ORD-00008370,0
ORD-00001866,0
ORD-00008174,0
ORD-00009873,0
ORD-00009666,0
ORD-00006808,0
ORD-00011861,0
ORD-00003517,0
ORD-00009520,0
ORD-00011661,0
ORD-00003626,0
ORD-00000071,0
ORD-00006481,0
ORD-00001492,0
ORD-00011742,0
ORD-00009199,0
ORD-00000706,0
ORD-00000557,0
ORD-00010521,0
ORD-00005309,1
ORD-00005052,1
ORD-00007050,1
ORD-00004125,0
ORD-00007822,0
ORD-00004359,0
ORD-00007563,0
ORD-00003069,0
ORD-00009015,0
ORD-00000359,0
ORD-00010068,0
ORD-00010025,0
ORD-00010683,0
ORD-00008222,0
ORD-00005790,0
ORD-00005400,0
ORD-00005736,0
ORD-00001502,0
ORD-00008827,0
ORD-00004338,0
ORD-00000583,0
ORD-00006345,0
ORD-00004303,0
ORD-00001448,0
ORD-00004826,0
ORD-00003329,0
ORD-00009118,1
ORD-00006604,0
ORD-00000767,1
ORD-00009327,1
ORD-00008589,0
ORD-00009797,0
ORD-00008244,0
ORD-00010145,0
ORD-00010803,0
ORD-00011979,0
ORD-00008046,1
ORD-00007348,0
ORD-00001910,0
ORD-00002373,0
ORD-00009700,0
ORD-00003282,0
ORD-00011927,0
ORD-00010216,0
ORD-00002000,0
ORD-00001499,1
ORD-00003469,0
ORD-00005452,0
ORD-00006898,0
ORD-00009040,0
ORD-00011625,0
ORD-00011106,0
ORD-00009406,0
ORD-00011899,0
ORD-00007077,0
ORD-00000920,0
ORD-00011719,1
ORD-00011988,0
ORD-00008591,1
ORD-00003416,0
ORD-00004023,0
ORD-00004633,0
ORD-00002809,1
ORD-00011396,0
ORD-00007473,1
ORD-00002330,0
ORD-00005868,0
ORD-00009679,0
ORD-00008344,0
ORD-00006833,0
ORD-00004803,0
ORD-00002397,0
ORD-00002355,1
ORD-00009245,1
ORD-00007896,0
ORD-00010081,0
ORD-00011343,0
ORD-00000413,1
ORD-00001410,0
ORD-00007605,0
ORD-00007784,0
ORD-00003835,0
ORD-00010123,0
ORD-00011274,0
ORD-00007674,1
ORD-00001117,0
ORD-00011087,0
ORD-00003844,0
ORD-00011561,0
ORD-00000737,0
ORD-00007349,0
ORD-00000696,0
ORD-00006247,0
ORD-00007209,0
ORD-00001287,0
ORD-00006550,0
ORD-00011824,0
ORD-00008135,0
ORD-00008038,0
ORD-00002857,0
ORD-00002367,0
ORD-00009053,0
ORD-00006992,0
ORD-00005490,0
ORD-00006859,0
ORD-00005340,0
ORD-00003865,0
ORD-00007687,0
ORD-00000075,1
ORD-00002889,0
ORD-00008328,0
ORD-00001258,0
ORD-00002338,0
ORD-00006673,0
ORD-00004857,0
ORD-00007862,0
ORD-00004002,0
ORD-00003564,0
ORD-00009946,0
ORD-00004247,0
ORD-00004936,0
ORD-00006621,0
ORD-00008906,0
ORD-00009589,0
ORD-00000646,0
ORD-00002064,0
ORD-00011058,0
ORD-00001282,0
ORD-00009523,1
ORD-00002593,0
ORD-00000204,1
ORD-00010269,0
ORD-00007559,0
ORD-00002860,0
ORD-00003836,0
ORD-00004951,0
ORD-00008988,1
ORD-00000310,0
ORD-00011364,0
ORD-00007651,1
ORD-00005865,0
ORD-00011563,0
ORD-00001868,0
ORD-00000035,0
ORD-00003815,1
ORD-00008235,0
ORD-00005105,1
ORD-00006100,0
ORD-00011581,0
ORD-00004551,0
ORD-00006114,0
ORD-00009491,0
ORD-00001439,0
ORD-00009098,0
ORD-00011978,0
ORD-00010616,0
ORD-00007087,0
ORD-00003450,0
ORD-00003198,0
ORD-00006049,0
ORD-00011731,0
ORD-00011144,0
ORD-00006331,0
ORD-00000734,0
ORD-00011722,0
ORD-00000118,0
ORD-00009342,0
ORD-00005316,0
ORD-00000910,0
ORD-00010028,0
ORD-00011016,0
ORD-00007426,0
ORD-00006368,0
ORD-00001960,0
ORD-00002799,0
ORD-00004248,0
ORD-00008013,0
ORD-00003751,0
ORD-00010075,0
ORD-00009706,0
ORD-00001180,1
ORD-00007197,0
ORD-00009604,0
ORD-00004260,0
ORD-00008967,0
ORD-00007141,0
ORD-00008884,0
ORD-00000502,0
ORD-00003477,0
ORD-00003736,0
ORD-00008975,0
ORD-00002130,0
ORD-00004432,0
ORD-00008926,0
ORD-00006579,0
ORD-00006881,1
ORD-00007597,1
ORD-00004490,1
ORD-00009254,0
ORD-00000761,0
ORD-00009792,1
ORD-00005388,1
ORD-00004829,0
ORD-00000965,0
ORD-00007279,0
ORD-00000028,1
ORD-00010352,0
ORD-00002405,0
ORD-00011439,0
ORD-00011029,0
ORD-00002516,0
ORD-00006650,0
ORD-00005240,0
ORD-00009909,0
ORD-00007386,0
ORD-00007366,0
ORD-00001384,0
ORD-00011085,0
ORD-00005745,0
ORD-00001021,1
ORD-00007994,0
ORD-00003656,0
ORD-00004011,0
ORD-00007927,0
ORD-00008902,0
ORD-00009249,0
ORD-00004198,1
ORD-00003136,0
ORD-00006542,1
ORD-00003098,0
ORD-00009409,0
ORD-00009367,0
ORD-00006913,1
ORD-00011460,0
ORD-00003698,0
ORD-00007741,0
ORD-00002628,0
ORD-00004645,0
ORD-00011226,1
ORD-00007799,1
ORD-00009898,0
ORD-00010980,0
ORD-00008308,0
ORD-00005243,0
ORD-00008097,0
ORD-00008365,0
ORD-00007745,1
ORD-00000382,0
ORD-00008878,0
ORD-00006319,0
ORD-00000613,0
ORD-00000468,1
ORD-00000700,0
ORD-00008374,0
ORD-00008318,0
ORD-00003721,0
ORD-00001110,0
ORD-00002536,0
ORD-00007693,0
ORD-00001049,0
ORD-00011040,1
ORD-00008957,1
ORD-00000201,0
ORD-00007430,0
ORD-00004764,0
ORD-00002829,0
ORD-00001038,0
ORD-00008779,0
ORD-00006883,0
ORD-00007622,0
ORD-00007055,1
ORD-00007663,0
ORD-00010286,0
ORD-00009500,0
ORD-00009901,0
ORD-00011402,0
ORD-00008694,0
ORD-00010921,0
ORD-00009228,0
ORD-00006140,0
ORD-00002172,0
ORD-00008168,0
ORD-00002574,0
ORD-00007502,0
ORD-00006051,0
ORD-00001757,0
ORD-00003765,0
ORD-00005229,0
ORD-00007730,0
ORD-00001399,0
ORD-00002587,0
ORD-00008919,0
ORD-00002693,0
ORD-00010586,0
ORD-00009302,0
ORD-00004663,1
ORD-00001089,1
ORD-00011912,0
ORD-00008948,0
ORD-00006979,0
ORD-00011256,0
ORD-00008776,0
ORD-00011657,0
ORD-00005275,0
ORD-00000109,0
ORD-00001608,0
ORD-00005528,1
ORD-00006949,0
ORD-00006609,0
ORD-00003057,0
ORD-00006381,0
ORD-00011008,0
ORD-00009650,1
ORD-00008569,0
ORD-00006336,0
ORD-00003658,0
ORD-00009776,0
ORD-00004049,0
ORD-00005083,0
ORD-00008600,0
ORD-00003617,0
ORD-00001463,0
ORD-00003785,0
ORD-00010934,0
ORD-00009730,0
ORD-00005245,0
ORD-00011569,0
ORD-00009864,0
ORD-00006322,0
ORD-00000755,1
ORD-00004695,0
ORD-00010423,0
ORD-00004205,0
ORD-00008666,0
ORD-00008358,0
ORD-00009749,0
ORD-00006300,0
ORD-00011482,0
ORD-00008866,0
ORD-00004684,0
ORD-00000647,0
ORD-00008707,0
ORD-00010118,0
ORD-00011751,1
ORD-00000086,0
ORD-00001877,0
ORD-00006663,0
ORD-00002607,0
ORD-00000389,1
ORD-00009322,0
ORD-00007117,0
ORD-00004414,0
ORD-00000775,1
ORD-00004401,0
ORD-00007085,0
ORD-00000260,0
ORD-00002331,0
ORD-00001068,0
ORD-00003208,0
ORD-00010353,0
ORD-00003549,0
ORD-00009796,0
ORD-00000180,1
ORD-00003924,0
ORD-00002885,0
ORD-00003700,0
ORD-00000837,0
ORD-00004440,1
ORD-00001149,0
ORD-00011736,0
ORD-00000218,0
ORD-00010591,0
ORD-00005268,0
ORD-00011835,0
ORD-00006170,0
ORD-00010767,0
ORD-00010104,0
ORD-00010653,0
ORD-00011859,0
ORD-00009570,0
ORD-00004385,0
ORD-00010908,0
ORD-00001265,0
ORD-00008305,0
ORD-00005895,1
ORD-00006541,0
ORD-00004066,0
ORD-00000907,0
ORD-00005926,0
ORD-00001278,0
ORD-00001542,1
ORD-00011324,0
ORD-00004946,0
ORD-00007498,0
ORD-00006531,0
ORD-00005692,0
ORD-00010848,0
ORD-00002164,0
ORD-00007842,0
ORD-00002487,1
ORD-00010892,0
ORD-00005439,0
ORD-00004219,0
ORD-00000095,0
ORD-00006351,0
ORD-00002785,0
ORD-00010529,0
ORD-00007178,0
ORD-00010098,0
ORD-00006553,0
ORD-00011797,0
ORD-00004413,0
ORD-00002834,0
ORD-00009102,0
ORD-00009244,0
ORD-00010405,0
ORD-00005771,1
ORD-00004944,0
ORD-00003100,0
ORD-00004781,1
ORD-00002959,0
ORD-00004629,0
ORD-00006549,0
ORD-00010257,0
ORD-00011178,1
ORD-00011708,0
ORD-00004221,0
ORD-00000637,0
ORD-00007058,0
ORD-00006566,0
ORD-00011695,0
ORD-00004280,0
ORD-00008200,0
ORD-00011956,1
ORD-00010588,0
ORD-00002296,0
ORD-00001432,1
ORD-00003051,0
ORD-00007081,0
ORD-00002563,0
ORD-00011162,0
ORD-00009803,0
ORD-00002002,0
ORD-00003485,1
ORD-00007874,0
ORD-00000562,0
ORD-00004721,0
ORD-00007681,0
ORD-00000602,0
ORD-00007646,0
ORD-00008633,0
ORD-00004558,0
ORD-00006871,0
ORD-00002057,0
ORD-00008166,0
ORD-00002041,0
ORD-00008592,1
ORD-00006028,0
ORD-00004061,0
ORD-00001517,0
ORD-00004063,0
ORD-00009872,0
ORD-00011042,0
ORD-00005420,0
ORD-00001244,0
ORD-00005625,0
ORD-00007066,0
ORD-00005799,0
ORD-00001214,0
ORD-00008660,0
ORD-00008497,0
ORD-00009661,0
ORD-00007850,0
ORD-00010654,0
ORD-00011371,0
ORD-00007978,0
ORD-00000404,0
ORD-00007620,0
ORD-00005778,0
ORD-00005640,0
ORD-00003171,0
ORD-00007560,0
ORD-00001121,1
ORD-00003472,0
ORD-00008334,0
ORD-00006433,0
ORD-00005867,0
ORD-00011476,0
ORD-00003424,0
ORD-00010314,0
ORD-00003977,0
ORD-00009141,0
ORD-00007183,0
ORD-00008436,0
ORD-00006235,0
ORD-00003739,0
ORD-00009305,0
ORD-00009858,0
ORD-00000660,0
ORD-00009400,1
ORD-00009602,0
ORD-00009450,0
ORD-00006823,0
ORD-00002091,0
ORD-00005834,0
ORD-00003915,0
ORD-00009557,0
ORD-00005473,0
ORD-00011340,0
ORD-00001205,0
ORD-00006358,0
ORD-00006841,0
ORD-00000855,0
ORD-00002714,0
ORD-00004438,0
ORD-00003460,0
ORD-00003807,0
ORD-00008869,1
ORD-00008821,0
ORD-00009253,0
ORD-00007303,0
ORD-00000272,0
ORD-00006855,0
ORD-00000178,0
ORD-00005292,0
ORD-00004163,0
ORD-00005276,0
ORD-00008121,0
ORD-00007298,0
ORD-00002658,1
ORD-00011778,0
ORD-00011681,1
ORD-00000928,1
ORD-00008933,0
ORD-00000400,1
ORD-00003773,0
ORD-00009138,0
ORD-00002352,0
ORD-00001590,0
ORD-00011924,0
ORD-00006849,0
ORD-00009434,0
ORD-00006337,0
ORD-00007812,0
ORD-00004758,0
ORD-00007129,0
ORD-00004759,0
ORD-00002739,0
ORD-00010896,0
ORD-00001137,0
ORD-00010623,0
ORD-00010760,0
ORD-00005689,0
ORD-00005383,0
ORD-00008210,0
ORD-00010705,0
ORD-00009132,0
ORD-00004812,0
ORD-00006251,0
ORD-00002856,0
ORD-00001965,1
ORD-00005656,0
ORD-00004900,0
ORD-00010324,0
ORD-00002279,0
ORD-00004636,0
ORD-00003165,0
ORD-00000821,0
ORD-00000990,0
ORD-00001293,0
ORD-00005629,0
ORD-00009871,0
ORD-00010941,0
ORD-00002910,1
ORD-00005623,0
ORD-00003669,0
ORD-00001612,0
ORD-00003254,1
ORD-00005355,0
ORD-00004071,0
ORD-00005932,0
ORD-00004457,0
ORD-00003939,0
ORD-00005798,0
ORD-00005708,0
ORD-00005311,0
ORD-00007949,0
ORD-00002882,0
ORD-00007628,0
ORD-00004823,0
ORD-00011989,0
ORD-00008863,0
ORD-00005632,0
ORD-00011050,1
ORD-00011944,0
ORD-00010368,0
ORD-00005894,0
ORD-00006857,0
ORD-00008109,0
ORD-00010277,0
ORD-00008283,0
ORD-00003431,0
ORD-00011709,0
ORD-00000203,0
ORD-00003266,0
ORD-00010784,0
ORD-00010230,1
ORD-00001936,1
ORD-00005447,0
ORD-00010447,1
ORD-00010558,0
ORD-00003862,0
ORD-00000896,0
ORD-00010345,0
ORD-00001361,0
ORD-00001247,0
ORD-00008388,0
ORD-00000603,0
ORD-00005055,0
ORD-00010259,0
ORD-00004639,0
ORD-00004608,0
ORD-00000490,0
ORD-00004577,0
ORD-00001249,1
ORD-00002898,0
ORD-00003648,0
ORD-00008159,0
ORD-00007189,0
ORD-00011321,0
ORD-00008704,0
ORD-00008632,0
ORD-00011649,0
ORD-00008183,0
ORD-00007999,0
ORD-00008908,0
ORD-00011356,0
ORD-00011275,0
ORD-00001807,0
ORD-00006524,0
ORD-00006585,0
ORD-00000498,0
ORD-00010946,0
ORD-00004603,0
ORD-00006757,0
ORD-00009211,0
ORD-00000264,0
ORD-00002747,0
ORD-00011420,0
ORD-00007389,0
ORD-00002562,0
ORD-00005740,0
ORD-00010582,0
ORD-00009596,0
ORD-00002940,0
ORD-00009624,0
ORD-00000793,0
ORD-00001082,0
ORD-00002126,0
ORD-00011543,0
ORD-00002899,0
ORD-00003190,0
ORD-00002519,0
ORD-00011377,0
ORD-00009433,0
ORD-00005437,0
ORD-00002151,0
ORD-00006393,0
ORD-00008749,0
ORD-00007025,0
ORD-00001715,0
ORD-00004932,0
ORD-00001170,0
ORD-00005183,0
ORD-00011856,0
ORD-00005343,0
ORD-00009684,0
ORD-00000425,0
ORD-00006294,0
ORD-00007054,1
ORD-00002195,0
ORD-00008153,0
ORD-00002211,0
ORD-00004846,1
ORD-00009003,0
ORD-00009987,0
ORD-00008098,0
ORD-00007099,0
ORD-00001469,0
ORD-00000278,0
ORD-00010375,0
ORD-00005924,1
ORD-00009695,0
ORD-00001245,1
ORD-00002106,0
ORD-00002551,0
ORD-00004614,0
ORD-00002603,0
ORD-00006155,0
ORD-00003535,1
ORD-00006625,0
ORD-00003242,1
ORD-00004677,0
ORD-00006867,0
ORD-00002053,0
ORD-00006022,1
ORD-00007145,0
ORD-00000619,0
ORD-00008788,0
ORD-00009571,0
ORD-00001224,0
ORD-00011501,0
ORD-00002846,0
ORD-00005564,0
ORD-00010842,1
ORD-00000265,0
ORD-00006862,0
ORD-00003115,0
ORD-00001379,0
ORD-00002982,0
ORD-00010469,0
ORD-00004569,0
ORD-00006777,0
ORD-00008873,0
ORD-00002174,1
ORD-00007324,0
ORD-00010684,0
ORD-00008196,1
ORD-00001000,0
ORD-00000026,0
ORD-00006896,0
ORD-00011497,0
ORD-00006816,0
ORD-00002608,0
ORD-00011602,0
ORD-00005006,1
ORD-00004908,1
ORD-00001951,0
ORD-00011328,0
ORD-00000546,0
ORD-00004046,0
ORD-00004418,0
ORD-00001181,0
ORD-00006145,1
ORD-00007106,0
ORD-00008070,0
ORD-00007868,0
ORD-00011110,0
ORD-00007407,0
ORD-00004632,0
ORD-00008214,0
ORD-00003553,0
ORD-00008558,0
ORD-00010884,0
ORD-00006448,0
ORD-00002655,0
ORD-00004177,0
ORD-00004564,0
ORD-00002445,0
ORD-00008426,0
ORD-00000507,0
ORD-00005770,0
ORD-00008915,0
ORD-00000327,0
ORD-00005279,0
ORD-00003496,1
ORD-00007334,0
ORD-00008082,0
ORD-00007590,0
ORD-00001635,0
ORD-00000172,0
ORD-00006559,0
ORD-00002725,0
ORD-00009106,0
ORD-00005584,0
ORD-00011652,1
ORD-00011327,0
ORD-00002003,0
ORD-00007173,0
ORD-00010785,0
ORD-00008939,0
ORD-00000677,0
ORD-00001555,0
ORD-00004452,0
ORD-00007735,0
ORD-00005398,0
ORD-00011427,0
ORD-00002591,0
ORD-00011636,0
ORD-00009461,0
ORD-00005921,0
ORD-00007527,0
ORD-00009338,0
ORD-00001621,0
ORD-00008465,0
ORD-00010566,0
ORD-00000318,0
ORD-00003693,0
ORD-00009675,0
ORD-00004922,0
ORD-00001870,0
ORD-00005040,0
ORD-00003932,0
ORD-00008246,0
ORD-00004180,1
ORD-00003766,0
ORD-00004300,0
ORD-00004976,0
ORD-00001724,0
ORD-00008797,0
ORD-00001177,0
ORD-00005805,0
ORD-00008595,0
ORD-00006679,0
ORD-00000476,1
ORD-00008501,0
ORD-00010875,0
ORD-00007181,0
ORD-00010718,0
ORD-00000292,0
ORD-00011185,0
ORD-00006631,0
ORD-00001580,0
ORD-00001388,0
ORD-00000644,0
ORD-00003032,0
ORD-00008107,0
ORD-00007606,0
ORD-00011283,1
ORD-00011267,0
ORD-00007486,0
ORD-00002981,0
ORD-00000385,0
ORD-00003857,0
ORD-00009543,0
ORD-00010074,0
ORD-00003095,0
ORD-00002652,0
ORD-00002820,0
ORD-00001961,0
ORD-00001995,0
ORD-00011090,0
ORD-00010493,1
ORD-00006552,0
ORD-00001172,0
ORD-00007160,0
ORD-00011765,0
ORD-00002394,0
ORD-00005242,0
ORD-00007953,0
ORD-00007544,0
ORD-00008872,0
ORD-00004188,0
ORD-00001063,0
ORD-00008084,0
ORD-00004709,0
ORD-00010468,0
ORD-00009385,0
ORD-00001116,0
ORD-00001171,1
ORD-00003083,0
ORD-00003044,0
ORD-00009116,0
ORD-00002060,1
ORD-00003152,0
ORD-00009502,0
ORD-00003154,0
ORD-00005411,0
ORD-00007371,0
ORD-00001444,0
ORD-00000295,1
ORD-00011023,0
ORD-00007403,0
ORD-00008509,0
ORD-00002095,0
ORD-00006581,0
ORD-00008299,0
ORD-00001725,0
ORD-00010570,0
ORD-00005523,0
ORD-00000140,0
ORD-00004237,0
ORD-00005706,0
ORD-00006258,0
ORD-00000917,0
ORD-00005735,1
ORD-00005115,0
ORD-00004804,1
ORD-00007236,0
ORD-00003787,0
ORD-00002512,0
ORD-00004279,0
ORD-00006790,0
ORD-00002212,1
ORD-00011038,0
ORD-00002063,1
ORD-00002852,0
ORD-00000578,1
ORD-00000388,0
ORD-00004115,1
ORD-00004080,0
ORD-00003291,0
ORD-00005746,1
ORD-00002768,0
ORD-00003923,1
ORD-00010967,0
ORD-00009692,0
ORD-00002921,1
ORD-00001899,0
ORD-00004615,0
ORD-00011579,0
ORD-00003899,0
ORD-00010304,0
ORD-00004825,0
ORD-00007008,0
ORD-00005937,0
ORD-00011426,0
ORD-00008552,0
ORD-00009801,0
ORD-00010099,0
ORD-00011067,0
ORD-00005357,0
ORD-00007584,0
ORD-00006422,0
ORD-00008998,0
ORD-00009628,1
ORD-00009913,0
ORD-00004229,0
ORD-00006580,0
ORD-00004377,0
ORD-00009651,1
ORD-00004201,0
ORD-00005802,0
ORD-00010559,0
ORD-00010677,0
ORD-00004674,0
ORD-00005565,0
ORD-00008406,1
ORD-00006108,0
ORD-00011970,0
ORD-00001467,1
ORD-00004648,0
ORD-00009089,0
ORD-00008580,0
ORD-00008007,0
ORD-00008036,0
ORD-00004744,0
ORD-00005946,0
ORD-00011974,1
ORD-00007284,0
ORD-00007661,0
ORD-00009597,0
ORD-00011279,0
ORD-00010501,1
ORD-00004982,0
ORD-00007893,0
ORD-00007047,0
ORD-00001907,0
ORD-00009246,0
ORD-00005462,1
ORD-00009232,0
ORD-00002299,0
ORD-00004950,0
ORD-00011821,0
ORD-00001804,0
ORD-00000076,1
ORD-00002255,0
ORD-00006149,0
ORD-00006225,0
ORD-00007447,0
ORD-00003213,0
ORD-00004429,0
ORD-00001828,0
ORD-00004570,0
ORD-00011991,1
ORD-00005497,0
ORD-00006891,0
ORD-00007548,0
ORD-00010790,1
ORD-00005352,0
ORD-00004342,0
ORD-00010527,0
ORD-00002854,0
ORD-00009471,0
ORD-00006774,0
ORD-00010193,0
ORD-00008063,0
ORD-00006828,0
ORD-00007387,0
ORD-00002758,0
ORD-00010151,0
ORD-00010857,0
ORD-00008969,0
ORD-00010417,0
ORD-00003107,1
ORD-00007192,0
ORD-00005342,0
ORD-00009831,0
ORD-00008064,0
ORD-00004453,0
ORD-00009315,1
ORD-00002705,0
ORD-00010334,0
ORD-00010393,0
ORD-00006374,0
ORD-00007941,0
ORD-00009759,0
ORD-00008086,1
ORD-00002838,0
ORD-00004903,0
ORD-00007238,1
ORD-00003002,0
ORD-00002511,0
ORD-00008898,0
ORD-00004960,0
ORD-00010457,0
ORD-00009087,0
ORD-00009794,0
ORD-00001966,0
ORD-00001143,0
ORD-00002686,0
ORD-00009200,0
ORD-00004772,0
ORD-00011204,0
ORD-00009977,1
ORD-00001852,0
ORD-00006057,0
ORD-00002657,0
ORD-00004912,1
ORD-00011370,0
ORD-00000164,0
ORD-00008311,0
ORD-00006589,0
ORD-00008640,0
ORD-00002823,0
ORD-00008313,0
ORD-00000783,0
ORD-00007786,0
ORD-00010241,0
ORD-00001307,1
ORD-00009866,0
ORD-00010212,1
ORD-00007920,0
ORD-00005591,0
ORD-00010443,0
ORD-00011220,0
ORD-00003092,0
ORD-00007229,0
ORD-00007305,0
ORD-00006421,0
ORD-00000018,0
ORD-00000407,1
ORD-00007195,0
ORD-00001006,0
ORD-00007039,0
ORD-00010997,0
ORD-00008057,0
ORD-00006530,0
ORD-00006677,0
ORD-00004315,0
ORD-00010788,1
ORD-00007836,0
ORD-00009358,0
ORD-00008549,1
ORD-00004911,1
ORD-00006427,0
ORD-00006126,0
ORD-00009412,0
ORD-00011229,0
ORD-00009399,0
ORD-00009742,0
ORD-00002210,0
ORD-00007539,1
ORD-00000294,0
ORD-00002419,0
ORD-00008435,0
ORD-00002848,0
ORD-00006501,0
ORD-00001191,0
ORD-00008149,0
ORD-00001368,0
ORD-00010439,0
ORD-00006814,0
ORD-00001016,0
ORD-00008833,0
ORD-00010802,0
ORD-00008799,0
ORD-00006335,0
ORD-00009622,0
ORD-00002253,0
ORD-00006956,0
ORD-00006629,0
ORD-00011987,0
ORD-00002080,0
ORD-00003741,0
ORD-00009971,0
ORD-00000533,0
ORD-00007854,0
ORD-00000308,0
ORD-00000092,1
ORD-00001236,0
ORD-00002869,1
ORD-00008643,0
ORD-00004597,0
ORD-00002675,1
ORD-00006257,0
ORD-00008647,1
ORD-00011534,0
ORD-00004345,0
ORD-00009235,0
ORD-00007975,1
ORD-00009806,1
ORD-00004092,0
ORD-00005620,1
ORD-00008773,0
ORD-00004714,0
ORD-00001456,0
ORD-00001563,0
ORD-00011822,0
ORD-00003963,0
ORD-00006674,0
ORD-00011105,0
ORD-00004227,0
ORD-00011555,0
ORD-00002781,0
ORD-00002471,0
ORD-00009164,0
ORD-00000609,0
ORD-00010092,0
ORD-00003937,0
ORD-00003507,0
ORD-00001140,0
ORD-00004336,0
ORD-00008796,0
ORD-00005002,0
ORD-00011140,1
ORD-00002700,0
ORD-00006657,0
ORD-00011747,1
ORD-00002469,0
ORD-00004874,0
ORD-00003408,0
ORD-00003813,0
ORD-00002066,0
ORD-00010001,0
ORD-00004088,1
ORD-00009715,0
ORD-00000554,0
ORD-00000632,0
ORD-00004530,0
ORD-00008538,0
ORD-00011129,1
ORD-00000782,0
ORD-00006212,0
ORD-00007894,0
ORD-00007375,1
ORD-00007684,0
ORD-00003211,1
ORD-00007013,0
ORD-00007472,0
ORD-00001199,0
ORD-00008649,0
ORD-00004225,0
ORD-00007351,1
ORD-00002941,0
ORD-00003167,0
ORD-00011116,0
ORD-00000779,0
ORD-00002019,0
ORD-00002088,0
ORD-00005975,0
ORD-00009521,0
ORD-00003150,0
ORD-00011536,0
ORD-00010243,0
ORD-00010473,0
ORD-00010442,0
ORD-00009717,0
ORD-00006515,0
ORD-00005281,0
ORD-00000219,1
ORD-00002811,0
ORD-00000866,0
ORD-00007423,1
ORD-00008473,0
ORD-00003983,0
ORD-00006249,0
ORD-00009125,1
ORD-00005128,1
ORD-00004423,0
ORD-00005086,1
ORD-00002049,1
ORD-00011573,0
ORD-00011878,0
ORD-00005162,0
ORD-00004607,0
ORD-00003809,0
ORD-00009326,0
ORD-00011892,0
ORD-00000870,0
ORD-00006023,0
ORD-00003088,1
ORD-00011896,0
ORD-00008152,0
ORD-00005606,0
ORD-00006776,0
ORD-00002029,0
ORD-00006189,0
ORD-00004294,0
ORD-00006180,0
ORD-00011795,0
ORD-00004454,0
ORD-00011131,0
ORD-00001931,0
ORD-00009546,1
ORD-00003519,0
ORD-00006718,0
ORD-00000884,0
ORD-00009855,0
ORD-00010344,1
ORD-00004915,0
ORD-00008087,0
ORD-00007643,0
ORD-00007401,0
ORD-00011192,0
ORD-00006279,0
ORD-00007237,0
ORD-00001558,0
ORD-00006065,0
ORD-00002523,0
ORD-00006793,0
ORD-00008025,0
ORD-00008798,0
ORD-00007090,0
ORD-00002015,0
ORD-00010159,0
ORD-00003370,0
ORD-00000207,0
ORD-00000057,0
ORD-00010110,0
ORD-00002723,0
ORD-00007327,1
ORD-00011540,1
ORD-00008189,0
ORD-00008834,0
ORD-00000443,0
ORD-00008443,0
ORD-00008492,0
ORD-00008282,0
ORD-00007747,0
ORD-00006819,1
ORD-00005295,0
ORD-00002580,0
ORD-00003908,0
ORD-00001190,0
ORD-00008045,0
ORD-00003108,1
ORD-00011698,0
ORD-00011163,0
ORD-00004388,1
ORD-00007870,0
ORD-00002970,0
ORD-00002339,0
ORD-00010872,0
ORD-00006243,0
ORD-00004723,0
ORD-00006492,1
ORD-00000437,0
ORD-00005831,0
ORD-00002116,1
ORD-00006754,1
ORD-00007020,0
ORD-00000495,0
ORD-00009428,0
ORD-00009980,0
ORD-00001696,1
ORD-00009655,1
ORD-00007448,0
ORD-00006969,1
ORD-00010826,0
ORD-00007902,0
ORD-00003702,0
ORD-00008270,0
ORD-00002774,0
ORD-00003788,0
ORD-00010584,0
ORD-00001065,0
ORD-00010369,0
ORD-00007690,0
ORD-00004833,0
ORD-00006484,0
ORD-00000315,0
ORD-00011864,0
ORD-00005284,0
ORD-00007357,0
ORD-00011805,0
ORD-00006485,0
ORD-00003893,0
ORD-00005032,0
ORD-00004238,0
ORD-00001210,0
ORD-00000725,0
ORD-00001864,0
ORD-00002118,0
ORD-00001728,0
ORD-00000540,0
ORD-00003194,0
ORD-00009640,0
ORD-00003337,1
ORD-00002886,0
ORD-00001550,0
ORD-00003831,0
ORD-00010564,1
ORD-00009762,0
ORD-00000684,0
ORD-00003151,0
ORD-00011083,0
ORD-00000823,0
ORD-00011595,1
ORD-00009224,0
ORD-00008689,0
ORD-00009146,0
ORD-00003495,0
ORD-00004875,0
ORD-00003499,0
ORD-00003530,0
ORD-00000136,0
ORD-00008733,0
ORD-00009100,0
ORD-00005143,1
ORD-00002193,0
ORD-00002641,0
ORD-00005997,0
ORD-00010695,0
ORD-00011148,0
ORD-00004548,1
ORD-00000206,1
ORD-00005185,0
ORD-00005973,0
ORD-00000154,1
ORD-00009226,1
ORD-00000281,1
ORD-00004896,0
ORD-00002606,0
ORD-00004340,0
ORD-00006961,0
ORD-00001675,0
ORD-00011436,0
ORD-00010680,0
ORD-00002588,0
ORD-00003793,0
ORD-00006424,0
ORD-00005754,0
ORD-00005023,0
ORD-00000565,0
ORD-00000226,0
ORD-00002987,0
ORD-00004172,1
ORD-00002075,0
ORD-00009478,0
ORD-00000679,1
ORD-00011075,0
ORD-00003235,0
ORD-00010555,0
ORD-00003930,0
ORD-00010535,0
ORD-00010901,0
ORD-00002629,0
ORD-00011662,1
ORD-00004119,0
ORD-00007419,0
ORD-00003876,0
ORD-00005581,0
ORD-00007232,1
ORD-00001970,0
ORD-00005983,0
ORD-00008928,0
ORD-00010520,0
ORD-00001592,0
ORD-00009297,0
ORD-00006024,0
ORD-00009329,0
ORD-00006741,0
ORD-00011285,0
ORD-00004538,0
ORD-00010279,0
ORD-00007557,0
ORD-00008582,0
ORD-00000880,0
ORD-00009142,0
ORD-00002107,0
ORD-00001403,0
ORD-00007526,1
ORD-00005233,0
ORD-00001512,0
ORD-00000104,0
ORD-00006980,0
ORD-00002102,0
ORD-00010902,0
ORD-00010822,0
ORD-00004954,1
ORD-00009230,0
ORD-00001863,0
ORD-00009606,0
ORD-00007285,0
ORD-00006804,0
ORD-00002502,0
ORD-00005794,0
ORD-00000735,0
ORD-00005327,0
ORD-00004244,0
ORD-00010574,0
ORD-00002793,0
ORD-00001314,0
ORD-00011139,0
ORD-00008198,0
ORD-00000316,1
ORD-00010137,0
ORD-00001251,0
ORD-00000171,0
ORD-00006764,0
ORD-00010937,0
ORD-00009032,0
ORD-00001353,0
ORD-00007156,0
ORD-00010111,0
ORD-00009991,1
ORD-00003006,0
ORD-00007907,1
ORD-00006968,0
ORD-00008187,0
ORD-00007378,0
ORD-00000268,0
ORD-00010082,0
ORD-00011801,0
ORD-00004507,0
ORD-00006217,0
ORD-00007581,0
ORD-00004596,0
ORD-00010117,0
ORD-00007205,0
ORD-00002148,1
ORD-00003942,0
ORD-00004258,0
ORD-00008627,1
ORD-00006825,0
ORD-00011700,0
ORD-00004554,0
ORD-00002048,1
ORD-00000356,1
ORD-00010039,0
ORD-00001585,0
ORD-00007703,0
ORD-00007455,0
ORD-00007572,0
ORD-00006254,0
ORD-00007121,1
ORD-00000614,0
ORD-00007984,0
ORD-00008974,0
ORD-00009351,0
ORD-00000329,0
ORD-00004132,1
ORD-00008645,0
ORD-00009957,0
ORD-00004170,0
ORD-00007190,1
ORD-00010787,0
ORD-00004819,0
ORD-00009173,0
ORD-00006635,0
ORD-00005933,0
ORD-00003078,0
ORD-00005520,1
ORD-00004867,0
ORD-00000346,0
ORD-00007810,0
ORD-00009903,1
ORD-00006159,1
ORD-00005138,0
ORD-00003081,0
ORD-00007725,0
ORD-00004863,0
ORD-00010550,0
ORD-00005601,0
ORD-00004415,1
ORD-00011735,0
ORD-00006183,0
ORD-00010004,0
ORD-00006438,0
ORD-00011893,1
ORD-00007344,0
ORD-00006659,0
ORD-00008100,0
ORD-00010960,0
ORD-00010027,0
ORD-00010707,0
ORD-00001532,0
ORD-00005199,0
ORD-00000106,1
ORD-00002610,0
ORD-00008990,0
ORD-00006866,0
ORD-00000275,0
ORD-00006948,0
ORD-00005729,0
ORD-00003728,0
ORD-00005095,0
ORD-00007731,0
ORD-00003871,0
ORD-00003846,0
ORD-00011072,0
ORD-00003929,0
ORD-00006066,0
ORD-00011779,0
ORD-00003801,0
ORD-00003042,0
ORD-00000946,0
ORD-00005546,0
ORD-00001999,0
ORD-00004178,0
ORD-00009332,1
ORD-00010952,0
ORD-00007699,0
ORD-00010543,0
ORD-00008910,0
ORD-00009081,1
ORD-00007551,0
ORD-00005133,0
ORD-00010970,0
ORD-00010479,0
ORD-00006779,1
ORD-00006748,0
ORD-00000427,0
ORD-00001837,0
ORD-00004671,0
ORD-00009299,1
ORD-00007678,0
ORD-00003034,0
ORD-00008836,0
ORD-00002530,0
ORD-00002815,0
ORD-00000112,0
ORD-00009183,0
ORD-00000904,0
ORD-00004651,1
ORD-00005039,1
ORD-00007138,0
ORD-00009764,0
ORD-00004628,0
ORD-00006193,0
ORD-00008982,0
ORD-00002721,0
ORD-00011509,1
ORD-00010437,0
ORD-00001008,0
ORD-00009012,1
ORD-00006784,0
ORD-00000228,0
ORD-00001217,0
ORD-00005046,1
ORD-00011010,0
ORD-00003240,0
ORD-00009117,0
ORD-00003462,0
ORD-00006517,0
ORD-00002230,0
ORD-00003400,0
ORD-00005882,0
ORD-00003533,0
ORD-00003407,0
ORD-00004560,0
ORD-00006879,0
ORD-00002431,0
ORD-00010736,0
ORD-00005091,0
ORD-00008751,0
ORD-00000759,0
ORD-00002370,0
ORD-00001076,0
ORD-00008278,0
ORD-00011834,0
ORD-00004657,0
ORD-00002437,0
ORD-00011746,0
ORD-00007384,1
ORD-00010947,0
ORD-00007603,0
ORD-00004409,1
ORD-00001815,0
ORD-00009768,0
ORD-00002729,0
ORD-00000849,0
ORD-00004511,1
ORD-00011703,0
ORD-00008101,0
ORD-00004571,0
ORD-00000934,0
ORD-00003310,0
ORD-00008761,1
ORD-00000518,0
ORD-00000807,0
ORD-00006195,0
ORD-00003740,0
ORD-00009441,0
ORD-00003388,0
ORD-00005697,0
ORD-00006361,0
ORD-00000474,1
ORD-00002749,0
ORD-00002022,1
ORD-00002025,0
ORD-00010578,0
ORD-00003996,1
ORD-00003582,0
ORD-00004308,0
ORD-00005687,0
ORD-00001972,0
ORD-00003554,0
ORD-00004361,0
ORD-00004491,0
ORD-00003390,0
ORD-00000398,0
ORD-00011222,1
ORD-00005011,0
ORD-00002699,0
ORD-00006056,0
ORD-00000909,0
ORD-00004065,0
ORD-00007365,0
ORD-00005503,0
ORD-00005392,0
ORD-00008943,0
ORD-00008950,0
ORD-00008512,0
ORD-00007250,0
ORD-00004707,0
ORD-00000410,0
ORD-00001491,0
ORD-00004598,0
ORD-00008855,0
ORD-00001601,0
ORD-00002830,0
ORD-00007105,0
ORD-00000832,0
ORD-00011176,0
ORD-00011244,0
ORD-00005172,0
ORD-00002824,0
ORD-00004086,0
ORD-00010749,0
ORD-00009029,0
ORD-00001375,0
ORD-00000799,0
ORD-00011206,0
ORD-00004443,0
ORD-00009114,0
ORD-00006071,0
ORD-00008336,1
ORD-00001291,0
ORD-00006207,1
ORD-00007864,0
ORD-00011186,0
ORD-00002942,1
ORD-00003514,0
ORD-00010811,0
ORD-00006041,0
ORD-00003664,0
ORD-00003019,1
ORD-00000962,0
ORD-00003798,0
ORD-00009878,0
ORD-00004381,0
ORD-00000676,0
ORD-00000090,0
ORD-00004255,0
ORD-00007465,0
ORD-00004617,0
ORD-00001192,1
ORD-00002712,1
ORD-00005765,0
ORD-00005488,0
ORD-00007664,1
ORD-00006910,0
ORD-00006837,0
ORD-00003055,0
ORD-00011754,0
ORD-00010162,0
ORD-00002961,0
ORD-00006353,1
ORD-00005515,0
ORD-00004261,1
ORD-00004616,0
ORD-00009005,0
ORD-00005862,0
ORD-00000231,0
ORD-00009184,0
ORD-00011066,1
ORD-00006520,0
ORD-00005008,0
ORD-00002865,0
ORD-00010047,0
ORD-00005153,0
ORD-00008170,0
ORD-00000503,0
ORD-00007692,0
ORD-00003639,0
ORD-00011867,0
ORD-00003731,0
ORD-00003612,1
ORD-00006909,0
ORD-00006922,0
ORD-00006752,1
ORD-00007042,0
ORD-00011196,0
ORD-00005152,0
ORD-00010678,0
ORD-00009942,1
ORD-00003563,1
ORD-00007456,0
ORD-00006637,0
ORD-00007215,0
ORD-00006265,0
ORD-00002371,0
ORD-00002217,0
ORD-00004655,0
ORD-00005976,0
ORD-00008862,0
ORD-00004299,0
ORD-00010367,0
ORD-00004687,0
ORD-00001132,0
ORD-00000460,0
ORD-00003609,1
ORD-00008481,0
ORD-00005785,0
ORD-00000839,0
ORD-00001034,0
ORD-00002994,0
ORD-00004289,0
ORD-00002024,1
ORD-00004606,1
ORD-00000457,0
ORD-00010254,1
ORD-00004838,0
ORD-00002400,0
ORD-00008226,0
ORD-00010394,0
ORD-00004980,0
ORD-00010435,0
ORD-00008541,0
ORD-00001286,0
ORD-00004981,0
ORD-00001452,0
ORD-00010525,0
ORD-00000063,1
ORD-00000422,0
ORD-00003012,0
ORD-00003442,0
ORD-00006935,0
ORD-00000248,0
ORD-00009989,0
ORD-00006311,0
ORD-00005187,0
ORD-00002464,0
ORD-00003017,0
ORD-00000195,0
ORD-00006281,0
ORD-00009247,0
ORD-00004122,0
ORD-00002016,0
ORD-00009999,1
ORD-00011959,0
ORD-00006465,0
ORD-00007704,0
ORD-00001064,0
ORD-00001107,0
ORD-00001134,0
ORD-00002506,0
ORD-00002267,0
ORD-00005782,1
ORD-00004625,0
ORD-00004296,0
ORD-00009990,0
ORD-00011277,0
ORD-00001648,0
ORD-00009955,0
ORD-00006759,0
ORD-00003556,0
ORD-00004226,0
ORD-00005113,0
ORD-00000420,1
ORD-00005267,1
ORD-00003576,0
ORD-00004051,0
ORD-00003749,0
ORD-00003678,0
ORD-00006388,0
ORD-00009111,0
ORD-00004428,0
ORD-00004640,0
ORD-00002198,0
ORD-00004508,0
ORD-00003376,0
ORD-00000480,0
ORD-00004165,0
ORD-00000525,1
ORD-00003166,0
ORD-00005910,0
ORD-00007350,0
ORD-00004522,0
ORD-00007866,0
ORD-00000340,0
ORD-00010524,0
ORD-00003181,0
ORD-00003529,0
ORD-00008966,0
ORD-00001133,1
ORD-00006080,0
ORD-00007071,0
ORD-00005538,1
ORD-00010916,0
ORD-00004449,0
ORD-00006597,0
ORD-00007691,0
ORD-00011329,0
ORD-00004085,0
ORD-00007706,0
ORD-00011175,0
ORD-00005952,0
ORD-00000419,0
ORD-00001957,0
ORD-00005498,0
ORD-00003501,0
ORD-00008301,0
ORD-00003328,0
ORD-00009853,1
ORD-00001535,0
ORD-00007824,0
ORD-00010433,0
ORD-00002157,0
ORD-00008395,0
ORD-00000842,0
ORD-00007569,1
ORD-00011816,0
ORD-00007521,1
ORD-00008169,0
ORD-00007356,1
ORD-00011376,0
ORD-00007155,0
ORD-00003058,1
ORD-00004805,0
ORD-00004354,0
ORD-00009465,0
ORD-00007948,0
ORD-00009145,0
ORD-00002051,0
ORD-00010189,0
ORD-00003396,0
ORD-00011997,0
ORD-00010642,0
ORD-00010474,0
ORD-00004384,0
ORD-00009489,0
ORD-00003061,0
ORD-00007635,1
ORD-00000825,0
ORD-00000491,0
ORD-00010017,0
ORD-00006270,0
ORD-00001346,1
ORD-00010513,0
ORD-00006526,0
ORD-00000798,1
ORD-00010484,0
ORD-00010882,0
ORD-00000680,1
ORD-00004914,1
ORD-00005698,1
ORD-00006933,0
ORD-00009584,0
ORD-00005643,0
ORD-00001822,0
ORD-00004876,0
ORD-00000066,0
ORD-00004783,0
ORD-00011013,0
ORD-00001213,0
ORD-00004866,0
ORD-00010042,0
ORD-00000380,0
ORD-00008476,0
ORD-00002929,1
ORD-00010043,0
ORD-00010999,0
ORD-00001350,0
ORD-00011169,0
ORD-00010855,0
ORD-00007993,0
ORD-00005111,0
ORD-00004760,0
ORD-00010287,0
ORD-00006452,0
ORD-00000323,0
ORD-00011538,0
ORD-00006988,0
ORD-00010622,0
ORD-00001155,1
ORD-00002905,0
ORD-00011517,0
ORD-00003493,0
ORD-00007044,1
ORD-00005351,1
ORD-00000193,0
ORD-00007882,0
ORD-00007995,0
ORD-00000216,0
ORD-00001788,0
ORD-00006282,0
ORD-00001283,0
ORD-00007482,0
ORD-00009621,0
ORD-00008723,0
ORD-00004154,0
ORD-00008682,0
ORD-00005465,1
ORD-00010069,0
ORD-00007185,1
ORD-00006103,0
ORD-00009698,0
ORD-00006052,0
ORD-00004183,0
ORD-00004778,0
ORD-00007858,0
ORD-00000179,0
ORD-00001659,0
ORD-00006519,0
ORD-00000031,1
ORD-00002436,0
ORD-00003322,0
ORD-00009018,1
ORD-00006646,1
ORD-00003936,0
ORD-00008572,0
ORD-00003117,0
ORD-00000709,0
ORD-00008516,0
ORD-00006636,0
ORD-00010340,0
ORD-00011354,0
ORD-00007898,0
ORD-00009619,0
ORD-00003962,1
ORD-00003201,0
ORD-00004106,0
ORD-00000851,1
ORD-00001853,1
ORD-00003603,0
ORD-00007942,0
ORD-00008585,0
ORD-00002099,1
ORD-00001962,0
ORD-00010741,0
ORD-00006240,0
ORD-00000878,0
ORD-00004500,1
ORD-00008462,0
ORD-00003925,0
ORD-00001043,0
ORD-00001680,0
ORD-00006199,0
ORD-00003142,0
ORD-00002783,0
ORD-00011562,0
ORD-00008952,0
ORD-00009726,0
ORD-00005818,0
ORD-00011430,0
ORD-00005377,1
ORD-00011734,0
ORD-00010341,1
ORD-00011051,1
ORD-00009799,1
ORD-00006971,0
ORD-00002089,0
ORD-00004197,0
ORD-00003791,0
ORD-00002620,0
ORD-00011121,0
ORD-00003675,0
ORD-00009725,0
ORD-00000623,0
ORD-00002917,0
ORD-00010407,1
ORD-00002434,0
ORD-00000545,0
ORD-00009967,0
ORD-00011366,0
ORD-00010247,0
ORD-00002648,0
ORD-00003860,0
ORD-00008204,0
ORD-00011890,0
ORD-00006810,0
ORD-00005097,0
ORD-00006209,0
ORD-00000263,1
ORD-00003863,0
ORD-00011631,0
ORD-00004333,0
ORD-00005289,0
ORD-00003735,0
ORD-00005225,0
ORD-00005241,1
ORD-00000588,1
ORD-00006187,1
ORD-00003910,1
ORD-00005367,0
ORD-00000211,0
ORD-00006836,0
ORD-00001548,0
ORD-00005291,0
ORD-00001594,0
ORD-00008732,0
ORD-00008381,0
ORD-00007897,0
ORD-00005303,0
ORD-00003205,0
ORD-00004008,0
ORD-00006583,0
ORD-00011605,0
ORD-00002304,1
ORD-00004935,0
ORD-00010298,0
ORD-00003111,1
ORD-00006691,0
ORD-00004971,0
ORD-00009896,0
ORD-00007035,0
ORD-00006887,0
ORD-00002947,0
ORD-00000594,0
ORD-00008099,1
ORD-00000335,0
ORD-00007980,1
ORD-00009309,0
ORD-00010583,0
ORD-00009151,0
ORD-00007463,0
ORD-00001922,0
ORD-00007886,0
ORD-00003488,0
ORD-00008504,0
ORD-00000403,0
ORD-00011894,0
ORD-00005539,0
ORD-00004985,0
ORD-00005461,1
ORD-00001830,0
ORD-00011397,0
ORD-00011100,0
ORD-00010239,0
ORD-00009838,1
ORD-00003662,0
ORD-00011117,0
ORD-00007677,0
ORD-00001145,0
ORD-00005911,0
ORD-00001860,1
ORD-00010333,0
ORD-00008995,0
ORD-00004326,0
ORD-00005668,0
ORD-00004400,0
ORD-00004099,0
ORD-00001634,1
ORD-00010021,0
ORD-00008319,0
ORD-00008850,0
ORD-00002078,0
ORD-00009777,0
ORD-00011034,0
ORD-00011850,0
ORD-00010547,0
ORD-00011895,0
ORD-00003690,1
ORD-00009372,0
ORD-00007782,0
ORD-00000509,0
ORD-00002282,0
ORD-00004145,0
ORD-00005024,1
ORD-00001964,0
ORD-00010774,0
ORD-00000149,0
ORD-00010755,0
ORD-00010062,0
ORD-00001892,0
ORD-00002505,0
ORD-00004605,0
ORD-00009972,0
ORD-00008215,0
ORD-00004486,0
ORD-00006680,0
ORD-00002631,0
ORD-00000088,1
ORD-00011846,0
ORD-00007075,0
ORD-00009616,0
ORD-00006017,0
ORD-00000885,0
ORD-00002938,1
ORD-00001115,0
ORD-00010817,0
ORD-00008886,0
ORD-00011022,0
ORD-00011350,0
ORD-00009553,1
ORD-00011068,0
ORD-00010856,0
ORD-00006688,0
ORD-00006231,1
ORD-00007151,1
ORD-00006698,0
ORD-00000550,1
ORD-00007158,0
ORD-00009169,0
ORD-00005878,0
ORD-00006070,0
ORD-00003894,0
ORD-00008624,0
ORD-00000733,0
ORD-00011217,0
ORD-00011074,0
ORD-00010691,0
ORD-00001239,0
ORD-00008469,0
ORD-00006848,0
ORD-00007079,0
ORD-00000960,0
ORD-00005730,0
ORD-00007626,0
ORD-00003301,0
ORD-00001438,0
ORD-00001182,1
ORD-00009601,0
ORD-00000716,0
ORD-00002669,0
ORD-00002613,0
ORD-00006869,0
ORD-00002711,0
ORD-00001185,0
ORD-00003039,0
ORD-00002379,0
ORD-00008818,0
ORD-00011400,0
ORD-00008035,1
ORD-00010933,1
ORD-00009579,0
ORD-00001391,0
ORD-00003724,0
ORD-00009974,0
ORD-00009544,0
ORD-00008574,0
ORD-00003487,0
ORD-00006665,1
ORD-00007460,0
ORD-00011168,0
ORD-00001613,0
ORD-00000305,0
ORD-00000174,0
ORD-00000558,0
ORD-00004168,0
ORD-00009292,0
ORD-00010698,1
ORD-00000238,0
ORD-00008984,0
ORD-00006133,0
ORD-00008385,0
ORD-00008136,0
ORD-00009945,0
ORD-00011021,0
ORD-00008892,0
ORD-00000541,0
ORD-00001067,0
ORD-00005350,0
ORD-00010219,0
ORD-00003482,0
ORD-00008279,0
ORD-00001736,1
ORD-00005443,0
ORD-00010655,0
ORD-00007623,1
ORD-00004462,0
ORD-00006761,0
ORD-00001401,0
ORD-00001720,0
ORD-00003665,0
ORD-00003101,0
ORD-00010499,0
ORD-00004901,0
ORD-00000622,0
ORD-00005474,0
ORD-00011873,0
ORD-00006062,0
ORD-00006578,0
ORD-00000568,0
ORD-00006678,0
ORD-00006285,0
ORD-00006571,0
ORD-00010964,0
ORD-00000812,0
ORD-00009396,0
ORD-00010365,0
ORD-00004213,0
ORD-00011530,0
ORD-00007863,0
ORD-00003864,0
ORD-00008793,0
ORD-00005125,0
ORD-00009890,0
ORD-00008606,0
ORD-00005053,0
ORD-00003898,0
ORD-00008663,0
ORD-00010220,0
ORD-00009267,0
ORD-00009234,0
ORD-00009467,0
ORD-00003207,0
ORD-00003712,0
ORD-00000929,0
ORD-00003859,0
ORD-00009359,0
ORD-00001159,0
ORD-00005290,0
ORD-00009016,0
ORD-00010953,1
ORD-00007265,0
ORD-00007111,0
ORD-00009282,1
ORD-00007996,0
ORD-00009750,1
ORD-00001874,1
ORD-00007598,0
ORD-00008403,0
ORD-00005819,0
ORD-00000704,0
ORD-00000347,0
ORD-00002577,0
ORD-00000626,0
ORD-00008840,0
ORD-00008584,0
ORD-00007009,1
ORD-00009174,0
ORD-00006537,0
ORD-00000489,0
ORD-00005655,0
ORD-00002453,0
ORD-00008348,0
ORD-00007532,0
ORD-00005916,0
ORD-00010246,0
ORD-00008925,0
ORD-00004574,0
ORD-00001393,0
ORD-00002509,0
ORD-00011503,0
ORD-00001454,0
ORD-00009899,0
ORD-00010831,0
ORD-00004478,0
ORD-00007779,0
ORD-00004964,0
ORD-00004501,0
ORD-00004705,0
ORD-00000701,0
ORD-00007053,1
ORD-00007648,0
ORD-00003371,0
ORD-00004917,0
ORD-00011629,0
ORD-00001292,0
ORD-00010036,1
ORD-00010238,0
ORD-00002348,0
ORD-00003353,0
ORD-00009354,1
ORD-00005222,0
ORD-00007616,0
ORD-00005036,0
ORD-00008962,0
ORD-00011571,1
ORD-00011096,0
ORD-00011608,0
ORD-00009541,0
ORD-00010906,0
ORD-00001468,0
ORD-00008524,0
ORD-00007837,0
ORD-00007118,0
ORD-00010962,0
ORD-00001561,0
ORD-00010048,0
ORD-00002204,0
ORD-00001859,0
ORD-00008341,0
ORD-00006064,0
ORD-00008534,0
ORD-00004135,0
ORD-00007370,0
ORD-00001013,0
ORD-00007923,0
ORD-00007529,1
ORD-00006558,0
ORD-00007393,0
ORD-00005504,0
ORD-00011929,0
ORD-00002114,0
ORD-00011394,0
ORD-00005341,0
ORD-00002183,0
ORD-00006654,0
ORD-00004420,0
ORD-00004399,1
ORD-00004459,0
ORD-00004973,0
ORD-00000383,0
ORD-00003215,0
ORD-00007219,0
ORD-00008720,1
ORD-00005202,0
ORD-00002458,1
ORD-00009076,0
ORD-00006598,1
ORD-00010109,0
ORD-00001923,0
ORD-00005003,0
ORD-00002263,0
ORD-00003003,0
ORD-00005419,0
ORD-00001893,0
ORD-00000108,0
ORD-00009617,0
ORD-00000649,0
ORD-00003966,1
ORD-00006084,0
ORD-00008258,1
ORD-00002422,0
ORD-00011433,0
ORD-00007820,0
ORD-00007632,0
ORD-00006486,0
ORD-00005828,0
ORD-00004647,0
ORD-00009569,0
ORD-00000326,0
ORD-00011392,0
ORD-00009051,0
ORD-00005250,1
ORD-00008994,0
ORD-00008408,0
ORD-00006504,0
ORD-00006206,1
ORD-00007278,0
ORD-00010294,0
ORD-00002382,0
ORD-00000157,0
ORD-00009877,0
ORD-00005004,0
ORD-00009466,0
ORD-00009170,0
ORD-00010693,0
ORD-00009861,1
ORD-00004204,0
ORD-00008255,0
ORD-00002161,1
ORD-00010191,0
ORD-00011539,0
ORD-00010572,0
ORD-00005908,0
ORD-00007682,0
ORD-00010645,0
ORD-00003122,1
ORD-00001963,0
ORD-00004925,0
ORD-00004107,1
ORD-00006905,0
ORD-00005728,1
ORD-00008122,0
ORD-00000067,0
ORD-00005890,1
ORD-00004672,1
ORD-00004252,0
ORD-00007808,0
ORD-00010807,0
ORD-00006872,0
ORD-00008897,0
ORD-00004818,0
ORD-00007304,0
ORD-00008220,0
ORD-00002369,0
ORD-00008703,0
ORD-00000899,0
ORD-00003053,0
ORD-00006221,0
ORD-00011472,0
ORD-00011031,1
ORD-00011796,0
ORD-00008587,0
ORD-00006834,0
ORD-00008629,0
ORD-00005871,0
ORD-00001737,0
ORD-00004087,0
ORD-00007293,0
ORD-00001135,0
ORD-00006786,0
ORD-00003478,0
ORD-00004891,0
ORD-00005673,0
ORD-00001242,0
ORD-00003116,0
ORD-00007903,0
ORD-00004681,0
ORD-00010949,0
ORD-00008667,1
ORD-00006378,0
ORD-00010044,0
ORD-00003456,0
ORD-00000616,0
ORD-00002720,1
ORD-00008650,0
ORD-00010644,0
ORD-00007478,0
ORD-00011145,0
ORD-00002775,0
ORD-00007901,0
ORD-00003967,1
ORD-00004003,0
ORD-00007921,0
ORD-00010685,0
ORD-00000212,0
ORD-00010130,1
ORD-00011407,0
ORD-00001269,0
ORD-00000571,0
ORD-00008261,0
ORD-00003428,0
ORD-00004851,0
ORD-00004795,0
ORD-00007052,0
ORD-00000817,0
ORD-00005262,0
ORD-00005703,0
ORD-00009830,0
ORD-00002965,0
ORD-00001392,0
ORD-00000740,0
ORD-00011716,0
ORD-00008590,0
ORD-00002412,0
ORD-00002989,0
ORD-00009008,1
ORD-00000261,0
ORD-00002962,0
ORD-00007234,0
ORD-00005371,0
ORD-00007166,1
ORD-00005178,0
ORD-00000144,0
ORD-00004718,0
ORD-00001373,0
ORD-00001189,1
ORD-00011547,0
ORD-00001949,0
ORD-00010231,0
ORD-00010012,0
ORD-00004327,0
ORD-00006179,0
ORD-00000010,1
ORD-00006085,0
ORD-00002023,0
ORD-00007789,0
ORD-00011264,0
ORD-00008664,0
ORD-00008752,0
ORD-00002553,0
ORD-00000765,1
ORD-00006638,0
ORD-00003668,0
ORD-00009802,0
ORD-00001150,0
ORD-00004943,0
ORD-00001196,0
ORD-00004363,0
ORD-00006670,0
ORD-00006795,0
ORD-00007165,0
ORD-00008248,0
ORD-00000790,0
ORD-00010289,0
ORD-00010142,1
ORD-00010620,0
ORD-00001447,0
ORD-00008708,0
ORD-00011389,0
ORD-00010523,1
ORD-00004024,0
ORD-00005684,0
ORD-00003585,0
ORD-00006252,0
ORD-00007114,0
ORD-00003688,0
ORD-00004312,0
ORD-00006072,0
ORD-00003309,0
ORD-00007157,0
ORD-00003995,0
ORD-00011934,0
ORD-00011242,0
ORD-00008765,1
ORD-00007266,0
ORD-00003489,0
ORD-00009787,0
ORD-00009809,0
ORD-00005925,0
ORD-00002968,0
ORD-00005210,0
ORD-00002599,0
ORD-00008472,0
ORD-00000124,0
ORD-00006460,0
ORD-00001096,0
ORD-00003777,0
ORD-00003476,0
ORD-00008996,0
ORD-00002305,0
ORD-00009216,0
ORD-00001998,0
ORD-00003901,0
ORD-00004067,0
ORD-00000850,0
ORD-00009416,0
ORD-00005041,1
ORD-00008295,0
ORD-00001689,1
ORD-00003432,0
ORD-00008856,0
ORD-00002357,0
ORD-00009337,0
ORD-00000266,0
ORD-00010211,0
ORD-00003532,0
ORD-00004159,0
ORD-00002863,0
ORD-00007708,0
ORD-00007437,0
ORD-00009109,0
ORD-00004013,0
ORD-00007474,0
ORD-00001270,0
ORD-00007207,0
ORD-00006327,0
ORD-00005286,0
ORD-00005206,0
ORD-00006762,0
ORD-00002492,0
ORD-00004700,0
ORD-00007652,0
ORD-00010606,0
ORD-00007952,0
ORD-00002958,1
ORD-00006721,0
ORD-00001730,0
ORD-00011526,0
ORD-00006418,0
ORD-00010040,0
ORD-00007625,0
ORD-00001376,0
ORD-00007615,0
ORD-00004926,0
ORD-00009560,1
ORD-00007934,0
ORD-00009355,0
ORD-00006827,0
ORD-00005964,0
ORD-00002428,1
ORD-00009979,0
ORD-00011887,0
ORD-00003222,0
ORD-00006512,0
ORD-00008652,0
ORD-00010988,1
ORD-00009056,1
ORD-00008307,0
ORD-00008316,0
ORD-00009330,0
ORD-00010153,1
ORD-00000592,0
ORD-00010993,0
ORD-00002489,0
ORD-00006939,0
ORD-00004134,0
ORD-00011311,0
ORD-00007064,0
ORD-00000811,1
ORD-00007930,0
ORD-00010865,0
ORD-00008490,0
ORD-00010609,0
ORD-00011832,0
ORD-00010176,0
ORD-00000585,0
ORD-00005033,0
ORD-00004630,0
ORD-00011675,0
ORD-00006158,0
ORD-00009380,0
ORD-00007512,0
ORD-00005832,0
ORD-00001002,0
ORD-00011030,0
ORD-00003624,0
ORD-00004181,0
ORD-00002763,0
ORD-00004386,0
ORD-00005217,0
ORD-00006289,0
ORD-00008736,0
ORD-00010463,0
ORD-00004295,0
ORD-00007815,0
ORD-00004171,0
ORD-00002035,0
ORD-00005562,1
ORD-00010849,0
ORD-00005079,0
ORD-00008522,0
ORD-00003374,0
ORD-00001662,0
ORD-00005541,0
ORD-00011086,0
ORD-00009066,0
ORD-00001845,1
ORD-00005221,0
ORD-00011191,0
ORD-00003539,0
ORD-00010349,0
ORD-00007847,0
ORD-00010296,0
ORD-00008461,0
ORD-00002832,0
ORD-00004127,0
ORD-00004262,0
ORD-00010014,0
ORD-00006775,0
ORD-00002761,0
ORD-00006708,0
ORD-00009479,0
ORD-00010392,0
ORD-00007915,0
ORD-00002209,0
ORD-00010178,1
ORD-00007826,1
ORD-00001259,0
ORD-00003792,0
ORD-00002923,0
ORD-00009088,0
ORD-00005198,1
ORD-00000135,0
ORD-00006595,0
ORD-00004534,0
ORD-00011613,0
ORD-00000919,0
ORD-00000690,0
ORD-00011806,1
ORD-00002441,0
ORD-00008371,1
ORD-00009328,0
ORD-00006109,0
ORD-00003033,0
ORD-00003703,0
ORD-00009563,1
ORD-00011019,0
ORD-00003527,0
ORD-00008716,0
ORD-00010614,0
ORD-00003381,1
ORD-00002888,0
ORD-00002617,0
ORD-00010033,0
ORD-00005317,0
ORD-00011363,0
ORD-00002008,1
ORD-00004728,0
ORD-00007244,0
ORD-00011559,0
ORD-00000883,1
ORD-00011512,0
ORD-00011827,0
ORD-00005201,0
ORD-00007790,0
ORD-00011349,0
ORD-00008088,0
ORD-00002256,1
ORD-00005458,0
ORD-00005182,0
ORD-00000013,0
ORD-00000715,1
ORD-00002663,0
ORD-00000303,0
ORD-00010426,0
ORD-00002113,0
ORD-00008094,0
ORD-00001898,0
ORD-00010690,0
ORD-00006472,1
ORD-00010413,0
ORD-00003920,0
ORD-00006332,0
ORD-00003704,0
ORD-00010688,0
ORD-00004675,0
ORD-00002508,0
ORD-00006107,0
ORD-00008828,0
ORD-00004220,0
ORD-00011202,0
ORD-00004965,1
ORD-00007688,1
ORD-00003789,1
ORD-00010992,0
ORD-00004169,0
ORD-00002773,0
ORD-00010759,0
ORD-00008648,0
ORD-00003188,0
ORD-00001826,0
ORD-00005791,0
ORD-00003730,0
ORD-00009711,0
ORD-00007807,0
ORD-00005339,0
ORD-00008427,0
ORD-00002014,0
ORD-00004584,0
ORD-00001264,0
ORD-00003011,0
ORD-00002744,0
ORD-00006244,0
ORD-00010823,0
ORD-00007543,0
ORD-00002984,0
ORD-00000494,0
ORD-00000836,0
ORD-00009453,0
ORD-00005811,0
ORD-00000426,1
ORD-00002383,0
ORD-00001547,0
ORD-00011418,1
ORD-00000285,1
ORD-00005767,0
ORD-00006283,0
ORD-00004859,0
ORD-00004485,0
ORD-00001774,0
ORD-00006454,1
ORD-00010370,0
ORD-00010808,0
ORD-00005022,0
ORD-00004344,0
ORD-00009736,0
ORD-00005214,0
ORD-00006428,0
ORD-00008511,0
ORD-00003065,0
ORD-00006813,0
ORD-00010540,1
ORD-00010432,1
ORD-00007060,0
ORD-00009887,0
ORD-00002843,0
ORD-00002623,0
ORD-00000995,0
ORD-00009665,0
ORD-00001783,0
ORD-00000687,0
ORD-00011316,0
ORD-00009257,0
ORD-00004928,0
ORD-00010088,0
ORD-00010448,1
ORD-00003219,1
ORD-00002883,0
ORD-00001355,0
ORD-00002757,0
ORD-00005722,0
ORD-00001154,0
ORD-00001691,0
ORD-00005648,0
ORD-00004222,0
ORD-00003417,0
ORD-00008127,0
ORD-00006588,0
ORD-00002039,0
ORD-00005999,0
ORD-00004498,0
ORD-00005328,0
ORD-00002532,1
ORD-00007073,0
ORD-00002317,1
ORD-00000874,0
ORD-00011076,0
ORD-00010912,0
ORD-00003113,0
ORD-00002874,0
ORD-00010656,0
ORD-00003606,0
ORD-00000499,0
ORD-00004130,1
ORD-00005338,1
ORD-00007671,0
ORD-00003382,0
ORD-00006005,0
ORD-00008514,0
ORD-00011921,0
ORD-00009262,0
ORD-00002387,0
ORD-00005126,0
ORD-00006573,0
ORD-00000033,0
ORD-00005636,0
ORD-00005118,0
ORD-00000251,0
ORD-00009311,0
ORD-00008999,0
ORD-00011911,0
ORD-00007613,0
ORD-00001029,0
ORD-00005434,0
ORD-00003024,0
ORD-00002907,0
ORD-00007534,0
ORD-00008705,0
ORD-00009580,0
ORD-00005676,0
ORD-00002978,0
ORD-00002779,0
ORD-00011167,0
ORD-00000312,0
ORD-00011101,0
ORD-00010938,1
ORD-00011265,0
ORD-00008029,0
ORD-00003457,0
ORD-00008986,0
ORD-00009055,0
ORD-00010419,0
ORD-00005877,0
ORD-00006081,0
ORD-00010506,0
ORD-00009761,0
ORD-00010196,0
ORD-00010317,0
ORD-00002847,0
ORD-00010223,0
ORD-00003410,0
ORD-00007631,1
ORD-00004601,0
ORD-00004117,0
ORD-00004834,0
ORD-00002006,0
ORD-00004634,0
ORD-00009978,0
ORD-00005238,0
ORD-00007381,0
ORD-00008809,0
ORD-00003114,0
ORD-00000791,0
ORD-00003144,1
ORD-00001514,0
ORD-00001125,0
ORD-00009477,0
ORD-00002691,0
ORD-00009296,0
ORD-00010087,0
ORD-00001749,0
ORD-00005137,0
ORD-00009264,1
ORD-00003237,0
ORD-00008721,0
ORD-00011071,0
ORD-00002866,0
ORD-00001440,0
ORD-00010318,0
ORD-00001344,0
ORD-00003028,0
ORD-00009673,0
ORD-00006275,0
ORD-00008151,0
ORD-00004968,0
ORD-00003159,0
ORD-00008141,0
ORD-00007332,0
ORD-00005346,0
ORD-00004006,0
ORD-00002627,0
ORD-00005741,0
ORD-00005300,0
ORD-00007273,0
ORD-00006045,0
ORD-00002695,0
ORD-00009408,0
ORD-00010291,0
ORD-00002569,0
ORD-00008192,0
ORD-00009551,0
ORD-00006434,1
ORD-00011009,0
ORD-00000470,0
ORD-00005387,1
ORD-00010758,0
ORD-00007028,0
ORD-00001429,0
ORD-00005119,0
ORD-00000641,0
ORD-00002312,0
ORD-00000034,0
ORD-00007641,0
ORD-00003126,0
ORD-00005228,0
ORD-00010452,0
ORD-00009770,0
ORD-00011450,0
ORD-00003059,0
ORD-00011156,0
ORD-00000506,0
ORD-00001969,1
ORD-00000608,1
ORD-00004720,0
ORD-00007872,0
ORD-00010483,0
ORD-00002716,0
ORD-00000563,0
ORD-00003306,0
ORD-00004273,0
ORD-00000337,0
ORD-00001630,0
ORD-00009120,0
ORD-00000567,0
ORD-00001943,0
ORD-00003779,0
ORD-00005094,0
ORD-00010965,0
ORD-00003141,1
ORD-00007656,0
ORD-00009815,0
ORD-00002010,0
ORD-00003082,0
ORD-00004398,0
ORD-00005750,1
ORD-00010418,0
ORD-00003093,0
ORD-00004618,0
ORD-00004547,0
ORD-00006999,1
ORD-00009336,0
ORD-00011419,0
ORD-00000752,0
ORD-00000475,0
ORD-00003716,0
ORD-00002901,0
ORD-00011184,0
ORD-00004146,0
ORD-00000300,0
ORD-00000455,0
ORD-00001479,0
ORD-00010155,0
ORD-00000794,0
ORD-00003221,0
ORD-00006432,0
ORD-00004953,0
ORD-00010651,0
ORD-00008494,0
ORD-00001218,0
ORD-00011941,0
ORD-00000672,0
ORD-00005363,1
ORD-00007484,0
ORD-00009669,0
ORD-00003720,0
ORD-00000727,0
ORD-00006482,1
ORD-00009194,0
ORD-00004097,0
ORD-00009273,0
ORD-00000446,1
ORD-00000233,1
ORD-00001538,0
ORD-00005660,0
ORD-00010249,1
ORD-00005331,1
ORD-00011905,0
ORD-00000915,1
ORD-00008871,0
ORD-00006973,0
ORD-00008561,0
ORD-00006138,0
ORD-00001829,0
ORD-00005247,1
ORD-00007089,0
ORD-00003686,0
ORD-00006447,0
ORD-00010589,0
ORD-00000082,1
ORD-00006565,0
ORD-00001583,0
ORD-00010471,0
ORD-00006359,0
ORD-00011802,0
ORD-00002944,0
ORD-00001666,0
ORD-00009242,0
ORD-00002242,0
ORD-00001395,0
ORD-00009859,0
ORD-00011395,0
ORD-00009231,0
ORD-00007827,0
ORD-00003278,0
ORD-00006912,0
ORD-00002778,0
ORD-00010416,0
ORD-00001233,0
ORD-00004040,1
ORD-00004956,1
ORD-00007525,0
ORD-00008164,0
ORD-00003581,0
ORD-00005099,0
ORD-00006904,0
ORD-00007798,0
ORD-00001941,0
ORD-00009009,0
ORD-00005823,0
ORD-00006572,0
ORD-00009149,1
ORD-00008068,0
ORD-00007764,0
ORD-00008918,0
ORD-00004817,0
ORD-00004053,0
ORD-00002395,0
ORD-00000069,1
ORD-00009463,0
ORD-00006591,0
ORD-00011603,0
ORD-00006758,0
ORD-00004325,1
ORD-00004682,0
ORD-00006272,0
ORD-00010450,0
ORD-00000597,0
ORD-00008532,0
ORD-00011180,0
ORD-00005896,0
ORD-00010661,0
ORD-00010299,0
ORD-00009000,0
ORD-00009508,1
ORD-00006394,0
ORD-00008356,0
ORD-00005121,0
ORD-00001988,0
ORD-00005418,0
ORD-00009712,0
ORD-00001646,0
ORD-00004304,0
ORD-00008907,0
ORD-00007308,1
ORD-00006722,0
ORD-00006113,0
ORD-00004257,0
ORD-00010195,0
ORD-00005608,0
ORD-00005359,0
ORD-00005050,0
ORD-00009298,0
ORD-00005762,0
ORD-00007535,0
ORD-00009123,1
ORD-00008163,1
ORD-00001667,1
ORD-00001225,0
ORD-00001587,0
ORD-00001978,0
ORD-00005618,0
ORD-00011155,0
ORD-00005273,0
ORD-00007666,0
ORD-00011032,0
ORD-00008433,0
ORD-00008120,0
ORD-00006788,0
ORD-00009791,0
ORD-00002353,0
ORD-00006785,0
ORD-00004594,0
ORD-00008364,1
ORD-00002030,0
ORD-00001692,1
ORD-00010406,0
ORD-00001618,0
ORD-00011304,0
ORD-00002500,0
ORD-00005364,0
ORD-00006226,0
ORD-00002520,0
ORD-00011954,0
ORD-00010750,0
ORD-00004868,0
ORD-00004209,0
ORD-00007673,0
ORD-00011942,1
ORD-00005070,0
ORD-00006060,0
ORD-00011969,0
ORD-00008432,0
ORD-00005801,0
ORD-00002384,0
ORD-00009933,0
ORD-00004214,0
ORD-00005114,0
ORD-00010915,0
ORD-00004797,0
ORD-00006634,0
ORD-00003802,1
ORD-00005833,0
ORD-00009469,0
ORD-00010772,0
ORD-00006997,0
ORD-00009636,0
ORD-00008362,0
ORD-00009285,0
ORD-00006067,0
ORD-00004211,0
ORD-00001164,0
ORD-00005157,0
ORD-00007379,0
ORD-00000472,0
ORD-00007264,0
ORD-00003490,0
ORD-00011373,0
ORD-00004784,0
ORD-00000313,1
ORD-00001488,0
ORD-00008241,1
ORD-00007367,0
ORD-00008471,0
ORD-00007917,0
ORD-00005757,0
ORD-00001417,1
ORD-00001549,0
ORD-00000724,0
ORD-00001024,0
ORD-00002321,1
ORD-00004576,0
ORD-00006306,0
ORD-00001409,0
ORD-00006000,0
ORD-00006442,0
ORD-00009528,0
ORD-00003528,0
ORD-00003699,0
ORD-00007860,0
ORD-00000001,0
ORD-00007675,0
ORD-00008495,0
ORD-00003464,0
ORD-00003661,0
ORD-00010724,0
ORD-00010801,1
ORD-00003964,0
ORD-00004187,0
ORD-00007290,0
ORD-00001996,0
ORD-00001702,0
ORD-00000753,0
ORD-00000147,0
ORD-00010659,0
ORD-00000324,0
ORD-00006532,0
ORD-00004842,0
ORD-00006756,1
ORD-00002127,0
ORD-00009757,0
ORD-00007538,0
ORD-00005207,1
ORD-00006924,0
ORD-00000223,0
ORD-00009021,1
ORD-00003029,0
ORD-00002446,1
ORD-00006445,1
ORD-00011143,0
ORD-00005159,0
ORD-00009829,0
ORD-00011134,0
ORD-00005298,0
ORD-00004916,0
ORD-00004412,0
ORD-00000537,1
ORD-00002784,0
ORD-00001001,0
ORD-00007021,0
ORD-00008466,0
ORD-00001735,0
ORD-00011707,0
ORD-00007634,0
ORD-00005532,1
ORD-00005486,0
ORD-00009752,0
ORD-00007732,1
ORD-00009497,0
ORD-00009782,0
ORD-00007823,0
ORD-00009793,0
ORD-00007505,0
ORD-00003348,0
ORD-00010325,0
ORD-00003832,0
ORD-00003296,0
ORD-00005605,0
ORD-00005590,0
ORD-00011276,0
ORD-00005559,0
ORD-00008043,1
ORD-00002221,1
ORD-00005971,0
ORD-00001650,0
ORD-00001019,0
ORD-00002697,1
ORD-00009314,0
ORD-00009615,1
ORD-00000431,0
ORD-00009514,1
ORD-00000522,1
ORD-00003187,0
ORD-00011002,1
ORD-00000277,0
ORD-00001175,0
ORD-00007110,0
ORD-00002366,0
ORD-00006977,0
ORD-00004542,0
ORD-00011310,0
ORD-00003350,0
ORD-00004862,0
ORD-00000307,0
ORD-00004544,0
ORD-00000221,1
ORD-00005783,0
ORD-00001301,1
ORD-00000050,0
ORD-00007458,0
ORD-00011865,1
ORD-00003294,0
ORD-00008646,0
ORD-00002277,0
ORD-00007659,0
ORD-00011527,0
ORD-00011883,0
ORD-00008724,0
ORD-00010773,0
ORD-00011998,0
ORD-00004411,0
ORD-00008924,0
ORD-00011384,0
ORD-00001383,0
ORD-00007337,0
ORD-00010332,0
ORD-00010240,0
ORD-00004883,0
ORD-00006112,0
ORD-00007937,0
ORD-00005749,0
ORD-00000604,0
ORD-00001825,1
ORD-00007001,1
ORD-00002597,0
ORD-00011084,0
ORD-00005077,0
ORD-00003722,0
ORD-00011546,1
ORD-00006192,1
ORD-00001802,0
ORD-00010378,0
ORD-00009772,0
ORD-00008612,0
ORD-00009744,1
ORD-00010975,1
ORD-00011705,0
ORD-00005560,0
ORD-00000134,0
ORD-00009121,0
ORD-00008997,0
ORD-00002131,0
ORD-00006050,0
ORD-00003377,0
ORD-00005582,0
ORD-00005495,0
ORD-00003303,0
ORD-00000566,0
ORD-00011461,0
ORD-00002350,0
ORD-00004806,1
ORD-00006511,0
ORD-00003372,1
ORD-00008457,0
ORD-00008599,0
ORD-00001523,0
ORD-00002044,1
ORD-00007781,0
ORD-00005816,0
ORD-00000488,1
ORD-00002031,1
ORD-00004747,0
ORD-00001842,0
ORD-00009644,0
ORD-00003123,1
ORD-00003797,0
ORD-00003383,0
ORD-00004448,0
ORD-00003627,0
ORD-00001624,1
ORD-00008250,0
ORD-00010694,1
ORD-00006197,0
ORD-00004813,0
ORD-00008093,1
ORD-00005078,0
ORD-00004972,0
ORD-00000255,0
ORD-00002169,1
ORD-00003096,0
ORD-00011915,0
ORD-00004332,0
ORD-00009515,0
ORD-00003484,0
ORD-00008411,0
ORD-00002656,0
ORD-00001118,0
ORD-00006763,0
ORD-00010825,0
ORD-00010597,1
ORD-00010914,0
ORD-00009973,0
ORD-00007883,0
ORD-00003541,0
ORD-00010229,0
ORD-00000297,0
ORD-00003845,0
ORD-00008321,0
ORD-00011133,0
ORD-00005931,1
ORD-00006213,0
ORD-00009748,0
ORD-00003138,1
ORD-00011273,0
ORD-00002295,0
ORD-00008333,0
ORD-00002754,1
ORD-00006600,0
ORD-00010611,0
ORD-00011405,0
ORD-00000939,0
ORD-00003971,0
ORD-00010667,0
ORD-00005650,0
ORD-00008401,0
ORD-00011810,0
ORD-00010630,1
ORD-00008734,0
ORD-00006861,0
ORD-00006508,0
ORD-00010939,0
ORD-00002789,1
ORD-00010731,0
ORD-00004565,0
ORD-00009662,0
ORD-00002258,0
ORD-00009846,0
ORD-00004124,0
ORD-00010714,0
ORD-00007134,0
ORD-00008116,0
ORD-00000234,0
ORD-00008729,0
ORD-00004666,0
ORD-00007992,0
ORD-00001266,0
ORD-00002986,0
ORD-00005784,1
ORD-00010214,0
ORD-00004998,0
ORD-00001527,0
ORD-00005672,0
ORD-00004649,0
ORD-00000852,0
ORD-00007169,0
ORD-00001831,1
ORD-00007108,0
ORD-00008263,0
ORD-00002059,0
ORD-00005151,0
ORD-00003214,0
ORD-00008059,0
ORD-00009915,0
ORD-00000262,0
ORD-00000561,1
ORD-00009217,0
ORD-00011181,0
ORD-00007122,0
ORD-00011335,0
ORD-00009252,0
ORD-00006994,0
ORD-00005843,0
ORD-00004236,0
ORD-00001836,0
ORD-00009743,0
ORD-00002351,0
ORD-00005826,0
ORD-00002673,0
ORD-00007717,1
ORD-00005535,0
ORD-00002093,0
ORD-00005148,0
ORD-00001227,0
ORD-00008377,0
ORD-00003916,0
ORD-00004266,0
ORD-00003134,0
ORD-00006563,1
ORD-00010666,0
ORD-00009488,0
ORD-00011481,0
ORD-00005161,0
ORD-00006255,0
ORD-00006811,0
ORD-00010146,0
ORD-00002292,0
ORD-00003754,0
ORD-00005380,0
ORD-00008231,0
ORD-00007057,0
ORD-00002156,1
ORD-00010537,0
ORD-00001252,1
ORD-00008431,0
ORD-00005519,0
ORD-00001101,0
ORD-00009805,0
ORD-00006288,0
ORD-00004232,0
ORD-00001537,0
ORD-00007614,0
ORD-00007819,0
ORD-00010183,0
ORD-00000806,0
ORD-00010163,0
ORD-00005280,0
ORD-00003912,0
ORD-00009026,0
ORD-00008061,0
ORD-00011291,0
ORD-00003001,0
ORD-00003189,0
ORD-00004376,0
ORD-00005492,0
ORD-00000538,0
ORD-00006906,0
ORD-00010218,0
ORD-00005639,0
ORD-00002396,0
ORD-00007000,0
ORD-00007004,0
ORD-00008635,1
ORD-00001160,0
ORD-00003877,1
ORD-00007509,0
ORD-00010361,1
ORD-00010567,0
ORD-00009688,0
ORD-00011510,0
ORD-00004406,0
ORD-00011696,0
ORD-00010203,0
ORD-00006703,0
ORD-00006560,0
ORD-00003649,0
ORD-00010549,0
ORD-00002633,0
ORD-00007272,0
ORD-00011558,0
ORD-00004208,1
ORD-00009931,0
ORD-00002083,0
ORD-00006142,1
ORD-00010553,0
ORD-00005739,0
ORD-00000093,1
ORD-00011900,0
ORD-00007385,0
ORD-00006876,0
ORD-00007400,0
ORD-00008770,0
ORD-00011872,0
ORD-00000708,0
ORD-00010569,1
ORD-00009882,0
ORD-00008108,0
ORD-00011914,0
ORD-00002518,0
ORD-00005985,0
ORD-00000433,0
ORD-00011475,0
ORD-00001793,0
ORD-00001052,0
ORD-00003130,0
ORD-00002649,1
ORD-00010863,0
ORD-00011289,0
ORD-00001536,0
ORD-00004736,1
ORD-00006455,0
ORD-00005239,0
ORD-00001119,1
ORD-00007961,0
ORD-00006649,0
ORD-00011467,0
ORD-00001705,1
ORD-00002329,0
ORD-00009863,0
ORD-00006135,0
ORD-00004039,0
ORD-00005594,0
ORD-00006830,0
ORD-00011205,0
ORD-00001872,0
ORD-00009415,0
ORD-00008212,0
ORD-00003340,0
ORD-00000044,1
ORD-00006137,0
ORD-00004027,1
ORD-00001243,0
ORD-00011876,0
ORD-00005600,0
ORD-00008144,0
ORD-00010700,0
ORD-00009552,0
ORD-00006303,0
ORD-00008074,0
ORD-00002225,0
ORD-00011325,0
ORD-00001851,0
ORD-00001103,1
ORD-00002594,0
ORD-00001824,0
ORD-00007241,0
ORD-00010465,0
ORD-00001768,0
ORD-00004658,1
ORD-00000073,1
ORD-00010557,0
ORD-00009674,0
ORD-00006852,0
ORD-00003440,0
ORD-00007734,0
ORD-00011792,0
ORD-00008478,0
ORD-00009737,1
ORD-00011103,0
ORD-00008780,0
ORD-00005227,0
ORD-00006068,0
ORD-00004646,0
ORD-00009904,0
ORD-00010280,0
ORD-00003757,0
ORD-00010347,0
ORD-00003976,0
ORD-00007374,0
ORD-00002998,0
ORD-00011952,0
ORD-00011586,0
ORD-00007763,0
ORD-00002836,0
ORD-00003140,0
ORD-00009411,0
ORD-00002742,0
ORD-00011841,0
ORD-00009410,0
ORD-00000368,0
ORD-00003619,0
ORD-00001595,1
ORD-00000289,0
ORD-00006278,0
ORD-00000569,0
ORD-00011070,0
ORD-00000056,0
ORD-00006522,0
ORD-00008158,0
ORD-00009209,0
ORD-00004160,0
ORD-00003907,0
ORD-00002094,0
ORD-00010969,0
ORD-00001423,0
ORD-00003945,0
ORD-00003917,0
ORD-00006266,0
ORD-00010754,0
ORD-00001752,1
ORD-00000796,0
ORD-00008657,1
ORD-00011706,0
ORD-00010885,0
ORD-00007116,0
ORD-00005365,0
ORD-00008829,0
ORD-00001490,0
ORD-00004869,0
ORD-00002163,0
ORD-00004397,0
ORD-00004831,1
ORD-00009518,0
ORD-00006215,1
ORD-00000142,0
ORD-00005686,0
ORD-00003357,0
ORD-00001012,0
ORD-00006011,0
ORD-00007743,0
ORD-00009424,0
ORD-00000617,0
ORD-00005593,0
ORD-00011435,0
ORD-00004305,0
ORD-00000955,0
ORD-00011572,1
ORD-00009605,0
ORD-00007849,1
ORD-00008738,0
ORD-00010210,0
ORD-00003405,0
ORD-00011005,0
ORD-00009271,0
ORD-00010905,0
ORD-00001501,0
ORD-00008518,0
ORD-00004637,0
ORD-00005857,1
ORD-00004045,0
ORD-00007163,0
ORD-00007396,1
ORD-00000471,1
ORD-00005203,0
ORD-00007715,0
ORD-00011024,0
ORD-00005223,0
ORD-00010503,0
ORD-00006682,0
ORD-00009918,1
ORD-00011764,0
ORD-00010006,1
ORD-00011411,0
ORD-00008781,0
ORD-00000107,0
ORD-00009924,0
ORD-00009854,0
ORD-00011951,1
ORD-00000530,1
ORD-00004403,0
ORD-00010058,0
ORD-00003771,0
ORD-00010932,0
ORD-00003267,0
ORD-00006210,0
ORD-00008293,0
ORD-00008238,0
ORD-00001229,0
ORD-00000286,0
ORD-00006671,0
ORD-00006168,0
ORD-00010794,0
ORD-00008154,0
ORD-00007088,0
ORD-00010704,0
ORD-00001124,1
ORD-00000611,0
ORD-00011877,0
ORD-00005995,0
ORD-00003004,0
ORD-00006643,0
ORD-00002479,0
ORD-00002624,0
ORD-00009807,0
ORD-00000374,0
ORD-00006117,0
ORD-00003512,0
ORD-00001017,0
ORD-00011916,0
ORD-00010451,1
ORD-00001589,0
ORD-00011508,1
ORD-00005613,0
ORD-00009950,0
ORD-00001005,0
ORD-00005402,0
ORD-00008540,0
ORD-00004323,0
ORD-00005074,0
ORD-00004487,1
ORD-00001979,1
ORD-00009678,1
ORD-00010371,0
ORD-00004702,0
ORD-00005258,0
ORD-00004483,0
ORD-00002722,1
ORD-00003089,0
ORD-00005098,0
ORD-00009310,0
ORD-00009368,0
ORD-00000508,0
ORD-00005277,0
ORD-00003015,1
ORD-00010701,0
ORD-00007468,0
ORD-00009635,0
ORD-00009413,0
ORD-00011355,0
ORD-00009728,0
ORD-00009073,0
ORD-00004849,0
ORD-00008794,0
ORD-00008519,0
ORD-00008987,1
ORD-00006034,0
ORD-00006115,0
ORD-00004166,0
ORD-00005385,0
ORD-00010156,1
ORD-00008865,0
ORD-00010672,0
ORD-00004791,0
ORD-00009638,0
ORD-00010414,1
ORD-00002586,0
ORD-00006672,0
ORD-00003816,1
ORD-00001928,0
ORD-00007187,0
ORD-00003375,0
ORD-00005485,0
ORD-00005043,1
ORD-00011725,0
ORD-00001798,0
ORD-00011507,0
ORD-00008911,0
ORD-00005066,0
ORD-00001554,1
ORD-00004357,0
ORD-00002425,0
ORD-00004997,1
ORD-00010355,0
ORD-00006711,0
ORD-00004215,0
ORD-00006083,0
ORD-00007833,0
ORD-00010538,0
ORD-00007457,1
ORD-00004929,0
ORD-00009686,0
ORD-00007363,0
ORD-00001546,1
ORD-00007997,0
ORD-00008949,0
ORD-00009875,0
ORD-00009044,0
ORD-00004656,0
ORD-00010602,0
ORD-00005579,0
ORD-00004473,0
ORD-00004984,0
ORD-00006817,0
ORD-00002104,0
ORD-00003077,0
ORD-00000081,0
ORD-00011621,0
ORD-00010730,0
ORD-00000888,0
ORD-00004235,0
ORD-00003997,0
ORD-00008981,0
ORD-00008639,0
ORD-00002724,1
ORD-00003571,0
ORD-00011575,0
ORD-00011726,0
ORD-00009022,0
ORD-00011745,0
ORD-00001427,0
ORD-00001482,0
ORD-00002185,0
ORD-00004288,0
ORD-00007629,0
ORD-00007168,0
ORD-00001539,0
ORD-00000835,0
ORD-00003878,0
ORD-00009852,0
ORD-00005013,1
ORD-00010408,0
ORD-00002084,1
ORD-00003623,1
ORD-00010477,0
ORD-00009667,0
ORD-00000683,1
ORD-00010955,0
ORD-00000703,0
ORD-00002664,0
ORD-00004983,0
ORD-00009501,1
ORD-00008290,0
ORD-00002507,0
ORD-00010878,0
ORD-00008553,0
ORD-00002706,0
ORD-00010679,0
ORD-00009895,0
ORD-00000097,0
ORD-00010059,0
ORD-00006789,0
ORD-00003403,0
ORD-00001805,0
ORD-00001878,0
ORD-00011499,0
ORD-00001367,0
ORD-00011626,0
ORD-00005588,0
ORD-00004355,0
ORD-00003586,0
ORD-00006976,1
ORD-00005846,0
ORD-00000846,0
ORD-00008542,0
ORD-00009248,0
ORD-00002435,0
ORD-00008386,0
ORD-00008932,0
ORD-00002291,0
ORD-00006439,1
ORD-00009381,1
ORD-00009937,1
ORD-00007454,0
ORD-00007879,1
ORD-00010777,0
ORD-00001515,0
ORD-00008744,0
ORD-00010819,0
ORD-00009964,0
ORD-00009001,0
ORD-00003803,0
ORD-00002364,0
ORD-00006317,1
ORD-00011342,0
ORD-00005394,0
ORD-00000867,0
ORD-00009251,0
ORD-00006188,0
ORD-00010650,0
ORD-00011762,0
ORD-00003671,0
ORD-00001615,0
ORD-00000249,0
ORD-00007989,1
ORD-00009865,0
ORD-00000893,1
ORD-00010268,1
ORD-00011637,0
ORD-00000936,0
ORD-00003332,0
ORD-00006203,0
ORD-00006727,0
ORD-00002474,0
ORD-00005184,0
ORD-00011578,0
ORD-00008389,0
ORD-00010820,0
ORD-00003280,0
ORD-00009724,1
ORD-00001623,0
ORD-00001740,0
ORD-00011556,0
ORD-00003618,0
ORD-00002884,1
ORD-00005440,1
ORD-00007438,0
ORD-00004809,0
ORD-00005947,0
ORD-00005807,1
ORD-00008760,0
ORD-00003854,0
ORD-00002914,1
ORD-00002873,0
ORD-00008440,0
ORD-00010515,1
ORD-00007262,0
ORD-00009927,0
ORD-00005717,0
ORD-00002904,0
ORD-00011431,0
ORD-00007610,1
ORD-00006603,0
ORD-00007263,1
ORD-00008750,0
ORD-00003247,0
ORD-00008616,0
ORD-00002152,0
ORD-00009511,1
ORD-00000424,0
ORD-00002050,0
ORD-00001347,0
ORD-00004463,0
ORD-00002841,0
ORD-00001911,0
ORD-00006998,0
ORD-00004588,0
ORD-00003409,0
ORD-00003881,0
ORD-00009609,0
ORD-00011718,0
ORD-00001310,1
ORD-00002432,0
ORD-00006078,0
ORD-00011028,0
ORD-00000524,0
ORD-00002676,0
ORD-00005253,0
ORD-00008155,0
ORD-00001290,0
ORD-00004032,0
ORD-00001954,0
ORD-00004599,0
ORD-00006921,0
ORD-00007100,0
ORD-00004865,0
ORD-00010085,0
ORD-00000330,0
ORD-00008463,0
ORD-00004713,0
ORD-00003168,0
ORD-00004894,0
ORD-00007180,0
ORD-00007213,0
ORD-00007771,0
ORD-00009820,0
ORD-00000022,0
ORD-00000950,1
ORD-00002443,0
ORD-00001405,0
ORD-00003746,0
ORD-00001569,0
ORD-00005839,0
ORD-00001060,1
ORD-00001033,0
ORD-00004590,0
ORD-00001267,0
ORD-00001148,0
ORD-00005614,0
ORD-00007471,0
ORD-00008020,0
ORD-00006194,0
ORD-00002867,0
ORD-00000531,0
ORD-00001358,0
ORD-00004309,0
ORD-00006357,1
ORD-00003263,0
ORD-00005176,0
ORD-00009998,0
ORD-00000099,0
ORD-00004832,0
ORD-00008413,0
ORD-00005512,0
ORD-00008531,1
ORD-00007251,1
ORD-00010979,1
ORD-00001841,0
ORD-00005370,0
ORD-00005089,0
ORD-00009269,0
ORD-00007018,0
ORD-00006328,0
ORD-00006026,0
ORD-00004281,0
ORD-00002274,0
ORD-00003638,0
ORD-00000621,0
ORD-00003074,0
ORD-00009291,1
ORD-00008271,0
ORD-00002463,0
ORD-00006498,0
ORD-00000629,0
ORD-00002858,0
ORD-00007609,0
ORD-00010237,0
ORD-00004126,0
ORD-00001937,0
ORD-00007583,0
ORD-00003288,0
ORD-00005101,0
ORD-00009404,0
ORD-00004889,1
ORD-00011115,0
ORD-00004751,0
ORD-00009660,1
ORD-00002226,0
ORD-00005972,0
ORD-00010841,0
ORD-00002666,0
ORD-00003162,0
ORD-00003660,0
ORD-00001295,0
ORD-00000750,0
ORD-00002510,0
ORD-00004064,0
ORD-00009961,0
ORD-00004668,0
ORD-00001581,1
ORD-00011251,0
ORD-00011643,0
ORD-00006090,0
ORD-00009985,0
ORD-00007777,0
ORD-00000103,0
ORD-00001238,0
ORD-00003316,0
ORD-00010696,0
ORD-00011966,0
ORD-00000435,0
ORD-00003368,0
ORD-00001296,1
ORD-00010161,0
ORD-00009108,0
ORD-00007991,0
ORD-00001151,1
ORD-00007821,0
ORD-00005090,0
ORD-00000658,0
ORD-00003760,0
ORD-00002245,0
ORD-00010722,1
ORD-00010956,0
ORD-00010762,0
ORD-00002988,0
ORD-00011128,0
ORD-00001777,0
ORD-00010091,0
ORD-00005752,1
ORD-00006426,0
ORD-00007979,0
ORD-00010270,0
ORD-00004270,0
ORD-00010873,0
ORD-00005269,0
ORD-00006966,0
ORD-00000236,0
ORD-00001371,0
ORD-00010430,0
ORD-00011339,0
ORD-00008076,0
ORD-00010108,0
ORD-00003579,0
ORD-00011149,1
ORD-00005596,0
ORD-00001168,0
ORD-00005849,1
ORD-00003295,0
ORD-00011958,0
ORD-00002280,0
ORD-00001047,0
ORD-00007913,0
ORD-00005760,1
ORD-00009058,0
ORD-00008609,0
ORD-00003212,0
ORD-00004070,0
ORD-00009533,0
ORD-00005427,0
ORD-00006184,0
ORD-00006419,0
ORD-00007662,0
ORD-00002795,0
ORD-00005554,0
ORD-00002912,0
ORD-00000375,0
ORD-00005965,0
ORD-00007940,0
ORD-00005509,1
ORD-00000177,0
ORD-00005571,0
ORD-00008817,0
ORD-00004504,0
ORD-00006697,0
ORD-00004790,0
ORD-00006970,0
ORD-00009057,0
ORD-00002575,0
ORD-00000515,1
ORD-00011290,1
ORD-00005260,0
ORD-00007594,0
ORD-00005858,0
ORD-00001099,0
ORD-00011976,0
ORD-00007832,0
ORD-00007645,0
ORD-00008392,1
ORD-00007267,0
ORD-00002810,0
ORD-00001881,0
ORD-00009840,0
ORD-00004038,0
ORD-00006927,0
ORD-00007951,0
ORD-00000975,0
ORD-00007257,1
ORD-00009626,0
ORD-00006350,1
ORD-00005876,0
ORD-00001326,0
ORD-00009735,0
ORD-00010165,0
ORD-00000210,0
ORD-00011682,0
ORD-00004176,0
ORD-00007794,0
ORD-00010464,0
ORD-00011451,0
ORD-00003938,0
ORD-00009775,0
ORD-00008445,0
ORD-00006305,0
ORD-00000829,1
ORD-00007345,0
ORD-00011935,0
ORD-00002349,1
ORD-00011926,0
ORD-00001396,0
ORD-00000539,0
ORD-00001139,0
ORD-00010972,1
ORD-00000773,0
ORD-00008209,0
ORD-00007500,0
ORD-00008625,1
ORD-00005362,0
ORD-00006229,0
ORD-00000079,0
ORD-00010573,0
ORD-00011245,1
ORD-00006768,0
ORD-00001758,0
ORD-00001486,0
ORD-00002485,0
ORD-00002272,0
ORD-00005893,0
ORD-00009239,0
ORD-00001157,1
ORD-00006750,0
ORD-00011723,0
ORD-00001359,1
ORD-00004175,0
ORD-00004320,0
ORD-00005707,0
ORD-00000155,0
ORD-00005051,0
ORD-00008160,0
ORD-00008888,0
ORD-00005438,0
ORD-00010657,1
ORD-00007416,0
ORD-00004157,0
ORD-00006246,0
ORD-00008899,0
ORD-00003158,1
ORD-00011766,0
ORD-00003775,0
ORD-00002323,0
ORD-00011378,0
ORD-00007880,0
ORD-00004945,0
ORD-00002660,0
ORD-00009350,1
ORD-00006468,0
ORD-00001339,0
ORD-00011570,0
ORD-00011627,0
ORD-00000774,1
ORD-00007034,0
ORD-00003911,1
ORD-00010764,1
ORD-00009037,1
ORD-00001207,0
ORD-00010827,0
ORD-00011761,0
ORD-00002165,0
ORD-00001304,0
ORD-00007588,0
ORD-00004474,0
ORD-00010056,0
ORD-00008775,0
ORD-00011336,0
ORD-00004020,0
ORD-00006018,0
ORD-00011961,0
ORD-00008337,0
ORD-00010860,0
ORD-00009832,0
ORD-00002541,0
ORD-00005430,0
ORD-00005069,0
ORD-00004083,0
ORD-00000478,0
ORD-00010093,1
ORD-00010500,0
ORD-00007291,1
ORD-00009468,0
ORD-00006742,0
ORD-00002098,0
ORD-00009747,0
ORD-00007785,0
ORD-00007193,0
ORD-00009204,0
ORD-00001584,0
ORD-00004715,0
ORD-00008150,1
ORD-00005610,0
ORD-00000411,0
ORD-00008491,0
ORD-00009048,0
ORD-00005344,0
ORD-00003253,0
ORD-00004269,0
ORD-00000208,0
ORD-00008567,0
ORD-00011108,0
ORD-00005270,0
ORD-00009175,0
ORD-00005548,0
ORD-00006456,1
ORD-00002484,1
ORD-00000450,0
ORD-00011094,0
ORD-00002308,1
ORD-00000333,0
ORD-00003914,0
ORD-00006475,0
ORD-00002389,0
ORD-00008119,0
ORD-00001694,0
ORD-00000548,0
ORD-00004089,0
ORD-00001597,0
ORD-00003866,0
ORD-00010177,0
ORD-00006944,0
ORD-00009402,0
ORD-00008069,0
ORD-00001755,0
ORD-00003613,0
ORD-00008041,0
ORD-00008446,0
ORD-00010101,0
ORD-00005160,0
ORD-00003828,1
ORD-00002596,1
ORD-00000241,0
ORD-00008368,0
ORD-00001717,1
ORD-00011299,0
ORD-00011897,0
ORD-00011081,1
ORD-00010890,0
ORD-00004174,0
ORD-00002709,1
ORD-00003998,0
ORD-00010940,0
ORD-00002013,0
ORD-00006333,1
ORD-00007404,1
ORD-00000306,0
ORD-00003336,0
ORD-00010010,0
ORD-00011432,0
ORD-00006915,0
ORD-00006687,0
ORD-00001449,0
ORD-00008306,1
ORD-00003259,0
ORD-00005719,0
ORD-00008917,0
ORD-00003970,0
ORD-00010409,0
ORD-00001997,0
ORD-00011513,0
ORD-00009566,1
ORD-00009438,0
ORD-00010224,0
ORD-00008359,0
ORD-00004200,0
ORD-00005149,0
ORD-00007436,0
ORD-00008281,0
ORD-00005659,0
ORD-00008216,0
ORD-00007083,0
ORD-00008901,0
ORD-00009270,0
ORD-00008114,0
ORD-00000054,0
ORD-00006590,0
ORD-00002953,0
ORD-00005259,0
ORD-00007804,0
ORD-00007910,1
ORD-00000512,1
ORD-00006873,0
ORD-00008566,0
ORD-00000745,0
ORD-00003959,0
ORD-00007891,1
ORD-00002735,0
ORD-00004249,0
ORD-00001734,1
ORD-00011039,0
ORD-00005135,1
ORD-00010194,0
ORD-00010170,1
ORD-00009277,1
ORD-00006736,0
ORD-00000168,0
ORD-00001602,0
ORD-00000564,0
ORD-00002839,0
ORD-00004373,0
ORD-00005476,0
ORD-00010461,0
ORD-00003252,0
ORD-00001074,0
ORD-00000693,0
ORD-00007846,0
ORD-00000665,0
ORD-00002231,1
ORD-00003992,0
ORD-00010227,0
ORD-00004717,0
ORD-00003063,0
ORD-00008117,0
ORD-00004104,0
ORD-00011616,0
ORD-00004910,0
ORD-00009344,1
ORD-00005426,1
ORD-00002319,0
ORD-00005651,0
ORD-00004147,0
ORD-00000873,1
ORD-00005891,1
ORD-00003604,0
ORD-00006181,0
ORD-00003570,0
ORD-00001381,1
ORD-00010604,0
ORD-00007982,1
ORD-00007049,1
ORD-00009449,1
ORD-00008671,0
ORD-00006780,0
ORD-00009345,0
ORD-00006121,0
ORD-00003691,1
ORD-00006624,0
ORD-00009919,1
ORD-00000002,0
ORD-00006527,0
ORD-00008022,0
ORD-00007119,0
ORD-00009925,0
ORD-00003290,0
ORD-00000354,1
ORD-00002150,0
ORD-00001070,0
ORD-00010089,0
ORD-00004075,1
ORD-00011925,0
ORD-00006375,0
ORD-00011188,0
ORD-00010703,1
ORD-00001968,0
ORD-00000322,0
ORD-00002307,1
ORD-00010554,0
ORD-00000529,1
ORD-00005821,0
ORD-00008066,0
ORD-00003401,0
ORD-00011223,1
ORD-00011358,0
ORD-00000697,0
ORD-00005761,0
ORD-00011677,0
ORD-00011804,0
ORD-00003851,0
ORD-00000766,1
ORD-00002244,1
ORD-00010079,1
ORD-00010262,0
ORD-00006618,1
ORD-00001272,0
ORD-00000232,0
ORD-00002825,0
ORD-00000586,0
ORD-00005432,0
ORD-00010374,0
ORD-00002218,1
ORD-00003043,0
ORD-00005384,0
ORD-00000194,0
ORD-00007358,0
ORD-00010634,1
ORD-00009071,1
ORD-00008816,0
ORD-00004435,0
ORD-00006296,0
ORD-00011282,0
ORD-00007507,0
ORD-00007107,0
ORD-00009160,0
ORD-00004627,0
ORD-00000593,0
ORD-00011730,0
ORD-00008726,0
ORD-00007919,0
ORD-00002341,0
ORD-00006173,0
ORD-00007547,0
ORD-00006842,1
ORD-00011374,0
ORD-00009603,0
ORD-00008033,0
ORD-00004492,1
ORD-00011092,0
ORD-00010779,0
ORD-00003719,0
ORD-00010221,0
ORD-00007040,0
ORD-00010456,0
ORD-00003593,0
ORD-00003882,0
ORD-00011468,0
ORD-00003090,0
ORD-00002109,0
ORD-00002756,1
ORD-00006053,0
ORD-00003025,0
ORD-00001823,0
ORD-00004931,0
ORD-00002630,0
ORD-00001187,1
ORD-00001513,0
ORD-00010526,0
ORD-00002062,0
ORD-00004904,0
ORD-00001194,0
ORD-00006602,0
ORD-00006077,0
ORD-00009595,1
ORD-00004741,0
ORD-00005936,0
ORD-00008260,0
ORD-00000932,0
ORD-00010400,0
ORD-00008039,0
ORD-00006908,0
ORD-00007321,0
ORD-00000844,0
ORD-00008594,0
ORD-00004529,1
ORD-00006013,0
ORD-00000970,0
ORD-00003437,0
ORD-00007783,0
ORD-00006533,0
ORD-00009191,0
ORD-00000916,0
ORD-00004924,0
ORD-00010904,0
ORD-00004899,0
ORD-00004367,0
ORD-00004970,0
ORD-00010766,0
ORD-00004824,0
ORD-00011936,0
ORD-00010320,0
ORD-00009912,0
ORD-00007420,0
ORD-00011868,0
ORD-00000467,0
ORD-00000635,0
ORD-00009958,0
ORD-00006826,0
ORD-00007017,0
ORD-00009659,0
ORD-00011098,1
ORD-00005804,0
ORD-00009197,0
ORD-00002503,0
ORD-00010458,0
ORD-00004670,0
ORD-00003884,0
ORD-00005674,0
ORD-00006164,0
ORD-00010576,0
ORD-00008130,0
ORD-00008165,0
ORD-00004609,0
ORD-00005915,0
ORD-00006509,0
ORD-00007198,0
ORD-00002933,0
ORD-00008588,1
ORD-00011187,0
ORD-00006860,0
ORD-00000051,0
ORD-00001398,0
ORD-00003387,0
ORD-00000253,0
ORD-00001644,0
ORD-00002718,0
ORD-00006886,0
ORD-00003070,0
ORD-00003068,0
ORD-00006406,0
ORD-00009685,0
ORD-00003302,1
ORD-00003679,0
ORD-00009038,0
ORD-00004807,0
ORD-00001206,0
ORD-00001520,0
ORD-00002147,0
ORD-00006661,0
ORD-00008763,0
ORD-00009352,0
ORD-00007135,0
ORD-00000513,0
ORD-00006700,0
ORD-00008894,0
ORD-00011664,0
ORD-00003713,0
ORD-00005470,0
ORD-00002868,0
ORD-00008350,0
ORD-00007487,0
ORD-00001028,0
ORD-00000957,0
ORD-00005142,0
ORD-00000089,0
ORD-00004321,0
ORD-00002727,0
ORD-00005307,0
ORD-00009256,0
ORD-00008669,0
ORD-00008266,1
ORD-00010354,0
ORD-00004592,0
ORD-00006152,0
ORD-00006760,0
ORD-00011990,0
ORD-00006191,0
ORD-00010709,0
ORD-00003817,0
ORD-00001559,1
ORD-00003682,0
ORD-00008619,0
ORD-00000784,0
ORD-00002081,0
ORD-00010862,0
ORD-00000886,1
ORD-00010424,0
ORD-00006471,0
ORD-00005524,0
ORD-00002324,1
ORD-00004239,0
ORD-00004535,0
ORD-00003768,0
ORD-00010429,0
ORD-00011535,0
ORD-00000167,0
ORD-00004018,0
ORD-00005847,0
ORD-00004788,0
ORD-00001806,0
ORD-00010166,0
ORD-00010485,0
ORD-00011875,0
ORD-00003778,0
ORD-00002696,1
ORD-00006094,0
ORD-00006782,0
ORD-00003435,0
ORD-00008423,0
ORD-00000339,0
ORD-00001299,0
ORD-00008870,0
ORD-00005953,0
ORD-00011444,0
ORD-00000590,0
ORD-00011293,0
ORD-00005482,0
ORD-00001915,0
ORD-00004203,0
ORD-00008075,0
ORD-00007006,0
ORD-00007985,0
ORD-00007214,0
ORD-00005104,0
ORD-00011130,0
ORD-00000516,0
ORD-00005211,0
ORD-00011833,0
ORD-00003362,1
ORD-00004394,0
ORD-00001763,0
ORD-00010307,0
ORD-00009341,1
ORD-00009077,0
ORD-00005204,0
ORD-00010629,0
ORD-00001366,1
ORD-00000881,0
ORD-00009954,0
ORD-00007339,0
ORD-00011334,0
ORD-00001031,0
ORD-00005421,0
ORD-00009842,0
ORD-00001163,0
ORD-00006787,0
ORD-00009474,0
ORD-00001709,0
ORD-00001973,1
ORD-00008942,0
ORD-00009654,1
ORD-00002414,0
ORD-00010315,0
ORD-00007425,0
ORD-00007724,0
ORD-00010256,0
ORD-00004353,0
ORD-00008387,0
ORD-00008014,0
ORD-00011170,0
ORD-00001311,1
ORD-00006211,0
ORD-00001627,0
ORD-00011132,0
ORD-00010950,0
ORD-00008875,0
ORD-00006443,1
ORD-00008024,1
ORD-00000747,0
ORD-00005169,0
ORD-00001309,0
ORD-00001418,0
ORD-00001614,0
ORD-00001202,1
ORD-00011288,1
ORD-00003182,0
ORD-00011041,0
ORD-00009214,0
ORD-00004274,0
ORD-00006488,0
ORD-00004173,0
ORD-00008608,0
ORD-00003580,0
ORD-00008507,0
ORD-00005508,0
ORD-00005163,1
ORD-00007029,0
ORD-00005373,0
ORD-00001955,0
ORD-00010919,0
ORD-00009625,0
ORD-00010490,0
ORD-00008971,0
ORD-00006132,0
ORD-00009710,0
ORD-00011977,0
ORD-00000620,0
ORD-00002199,0
ORD-00002927,0
ORD-00010929,0
ORD-00002269,1
ORD-00004669,0
ORD-00004202,1
ORD-00005460,0
ORD-00010084,0
ORD-00009192,1
ORD-00009897,0
ORD-00009940,0
ORD-00001364,0
ORD-00008140,0
ORD-00010991,0
ORD-00002651,0
ORD-00006414,0
ORD-00011284,0
ORD-00009357,0
ORD-00006495,0
ORD-00002020,0
ORD-00000966,1
ORD-00005820,1
ORD-00011193,0
ORD-00007130,0
ORD-00008790,0
ORD-00003458,1
ORD-00001144,1
ORD-00007522,0
ORD-00007461,0
ORD-00009612,0
ORD-00002635,0
ORD-00003334,0
ORD-00010799,1
ORD-00010792,0
ORD-00006960,0
ORD-00011391,0
ORD-00008096,0
ORD-00001541,0
ORD-00003841,0
ORD-00001162,0
ORD-00002477,0
ORD-00010689,0
ORD-00002772,0
ORD-00010228,0
ORD-00005918,0
ORD-00011483,0
ORD-00006241,1
ORD-00001731,0
ORD-00004775,0
ORD-00010682,0
ORD-00003509,1
ORD-00003633,0
ORD-00011126,0
ORD-00001671,0
ORD-00002881,0
ORD-00007599,0
ORD-00007540,1
ORD-00007091,1
ORD-00005375,0
ORD-00002819,0
ORD-00000973,0
ORD-00004887,0
ORD-00009532,0
ORD-00009599,0
ORD-00009137,0
ORD-00010874,0
ORD-00002202,0
ORD-00003833,1
ORD-00007801,0
ORD-00008188,0
ORD-00002545,1
ORD-00007281,0
ORD-00010886,0
ORD-00007149,0
ORD-00011940,0
ORD-00001617,1
ORD-00005940,0
ORD-00009902,0
ORD-00000156,0
ORD-00008885,0
ORD-00009649,0
ORD-00005246,0
ORD-00002378,0
ORD-00000630,0
ORD-00003822,0
ORD-00004848,1
ORD-00007296,0
ORD-00006874,0
ORD-00006730,0
ORD-00008015,0
ORD-00009421,0
ORD-00005945,0
ORD-00003045,1
ORD-00007736,0
ORD-00005817,0
ORD-00003543,1
ORD-00006942,0
ORD-00001104,0
ORD-00008447,0
ORD-00011580,0
ORD-00008756,0
ORD-00005573,0
ORD-00011943,0
ORD-00007618,1
ORD-00008211,1
ORD-00000792,0
ORD-00010077,0
ORD-00005522,1
ORD-00010488,0
ORD-00000924,0
ORD-00002683,0
ORD-00001984,0
ORD-00011434,0
ORD-00000462,1
ORD-00000944,0
ORD-00007082,0
ORD-00003762,0
ORD-00007319,1
ORD-00001600,0
ORD-00007577,0
ORD-00000287,0
ORD-00007313,0
ORD-00006822,0
ORD-00007306,0
ORD-00008854,0
ORD-00003109,1
ORD-00003210,0
ORD-00009578,0
ORD-00007612,0
ORD-00000598,0
ORD-00003327,0
ORD-00009751,0
ORD-00001977,0
ORD-00011164,0
ORD-00004494,1
ORD-00000373,0
ORD-00011551,0
ORD-00008111,0
ORD-00003498,0
ORD-00003427,0
ORD-00005768,0
ORD-00001294,0
ORD-00010024,0
ORD-00004774,1
ORD-00000402,0
ORD-00003823,0
ORD-00009065,0
ORD-00001664,0
ORD-00006010,0
ORD-00011715,0
ORD-00003879,0
ORD-00002315,0
ORD-00011646,0
ORD-00006692,0
ORD-00010783,0
ORD-00003975,0
ORD-00010652,0
ORD-00009506,0
ORD-00007494,0
ORD-00005709,1
ORD-00000923,0
ORD-00009784,0
ORD-00006349,0
ORD-00000992,0
ORD-00006993,0
ORD-00006991,0
ORD-00000732,0
ORD-00008259,0
ORD-00001086,0
ORD-00010002,1
ORD-00002698,0
ORD-00002993,0
ORD-00005738,0
ORD-00009227,0
ORD-00001204,0
ORD-00000006,0
ORD-00000871,0
ORD-00010751,0
ORD-00001714,1
ORD-00011221,0
ORD-00002018,0
ORD-00000146,0
ORD-00008545,0
ORD-00009095,0
ORD-00002429,1
ORD-00004836,0
ORD-00006770,0
ORD-00003256,0
ORD-00001521,0
ORD-00008376,0
ORD-00003389,0
ORD-00000897,0
ORD-00003515,1
ORD-00002853,0
ORD-00004835,0
ORD-00008955,0
ORD-00000876,0
ORD-00003657,1
ORD-00001790,0
ORD-00000125,0
ORD-00010037,0
ORD-00006717,0
ORD-00004316,0
ORD-00003293,0
ORD-00007884,0
ORD-00004730,0
ORD-00004036,0
ORD-00008073,0
ORD-00007914,0
ORD-00002138,0
ORD-00007722,0
ORD-00007517,0
ORD-00011305,0
ORD-00000998,0
ORD-00010255,1
ORD-00011711,0
ORD-00006747,0
ORD-00005431,0
ORD-00011151,0
ORD-00007546,0
ORD-00001738,0
ORD-00004419,0
ORD-00009719,0
ORD-00006004,0
ORD-00003522,0
ORD-00000185,0
ORD-00002377,0
ORD-00005586,0
ORD-00011886,0
ORD-00000122,0
ORD-00001582,0
ORD-00005369,0
ORD-00007831,0
ORD-00009975,0
ORD-00006208,0
ORD-00004329,0
ORD-00008023,0
ORD-00005561,0
ORD-00006632,0
ORD-00009496,0
ORD-00002937,0
ORD-00003145,1
ORD-00001631,0
ORD-00004746,0
ORD-00011597,0
ORD-00009953,1
ORD-00007753,0
ORD-00002309,1
ORD-00004532,1
ORD-00006870,0
ORD-00002149,0
ORD-00010732,0
ORD-00000967,0
ORD-00011844,0
ORD-00001838,0
ORD-00003359,0
ORD-00001610,0
ORD-00000699,1
ORD-00001408,0
ORD-00001981,1
ORD-00009645,0
ORD-00006963,0
ORD-00004782,0
ORD-00006096,0
ORD-00001914,1
ORD-00008452,0
ORD-00008257,0
ORD-00007905,1
ORD-00010560,1
ORD-00006853,0
ORD-00011692,0
ORD-00007221,0
ORD-00002201,0
ORD-00002188,0
ORD-00010518,0
ORD-00011955,0
ORD-00011598,1
ORD-00009536,0
ORD-00000688,1
ORD-00011035,0
ORD-00000133,1
ORD-00002490,1
ORD-00006230,0
ORD-00011298,0
ORD-00010338,0
ORD-00007243,0
ORD-00006343,1
ORD-00005725,0
ORD-00003000,0
ORD-00008095,0
ORD-00010601,0
ORD-00011262,0
ORD-00009103,0
ORD-00001770,0
ORD-00002171,1
ORD-00002893,0
ORD-00004726,0
ORD-00007566,0
ORD-00003128,0
ORD-00010306,0
ORD-00003642,0
ORD-00009522,0
ORD-00001685,0
ORD-00007247,0
ORD-00011532,0
ORD-00006373,1
ORD-00009165,0
ORD-00007630,0
ORD-00009278,1
ORD-00001543,0
ORD-00011879,0
ORD-00001944,0
ORD-00006260,0
ORD-00003331,0
ORD-00004827,0
ORD-00003380,0
ORD-00011888,0
ORD-00010398,0
ORD-00008304,0
ORD-00002322,0
ORD-00008143,1
ORD-00011437,0
ORD-00004694,0
ORD-00007445,0
ORD-00007067,0
ORD-00009207,0
ORD-00000141,0
ORD-00004796,1
ORD-00005696,0
ORD-00000024,0
ORD-00009562,1
ORD-00002423,1
ORD-00000628,0
ORD-00008846,0
ORD-00002525,0
ORD-00002186,0
ORD-00003839,0
ORD-00006369,0
ORD-00008058,0
ORD-00002973,1
ORD-00006612,0
ORD-00010129,0
ORD-00003538,0
ORD-00009202,0
ORD-00005808,0
ORD-00009554,0
ORD-00008513,0
ORD-00003524,0
ORD-00000357,1
ORD-00002976,0
ORD-00009984,0
ORD-00011361,0
ORD-00005917,0
ORD-00004464,1
ORD-00003347,0
ORD-00010198,0
ORD-00006242,0
ORD-00011799,0
ORD-00005913,0
ORD-00011232,0
ORD-00007112,0
ORD-00007520,0
ORD-00001509,0
ORD-00009623,0
ORD-00002975,0
ORD-00005704,1
ORD-00002033,0
ORD-00000659,0
ORD-00002934,0
ORD-00003696,0
ORD-00006539,1
ORD-00004314,0
ORD-00001661,0
ORD-00011190,0
ORD-00006409,0
ORD-00010639,0
ORD-00003795,0
ORD-00004840,0
ORD-00011375,0
ORD-00008243,0
ORD-00003233,0
ORD-00003880,0
ORD-00004290,0
ORD-00001443,1
ORD-00005076,0
ORD-00001441,0
ORD-00004623,0
ORD-00004206,0
ORD-00005414,0
ORD-00005510,0
ORD-00011127,0
ORD-00002531,0
ORD-00011798,0
ORD-00009723,1
ORD-00001240,0
ORD-00004619,0
ORD-00008201,0
ORD-00009833,0
ORD-00005642,0
ORD-00009524,0
ORD-00000698,0
ORD-00011756,0
ORD-00006015,0
ORD-00004716,0
ORD-00001071,1
ORD-00007852,0
ORD-00001967,0
ORD-00010387,0
ORD-00004710,0
ORD-00004496,0
ORD-00000012,0
ORD-00010150,0
ORD-00004441,0
ORD-00004799,0
ORD-00004583,0
ORD-00008867,0
ORD-00005690,0
ORD-00008858,0
ORD-00004701,0
ORD-00011960,0
ORD-00005664,0
ORD-00005158,0
ORD-00000651,0
ORD-00008245,1
ORD-00006047,0
ORD-00002748,0
ORD-00006344,0
ORD-00007619,1
ORD-00010401,0
ORD-00006497,0
ORD-00007737,0
ORD-00008332,0
ORD-00006507,0
ORD-00003366,1
ORD-00007595,0
ORD-00004963,0
ORD-00009671,0
ORD-00007668,0
ORD-00010725,0
ORD-00009324,0
ORD-00004282,0
ORD-00006592,0
ORD-00009043,0
ORD-00011992,0
ORD-00002880,0
ORD-00001524,0
ORD-00008771,0
ORD-00011721,0
ORD-00011047,0
ORD-00004383,1
ORD-00011714,0
ORD-00008437,0
ORD-00008017,0
ORD-00000336,1
ORD-00010385,0
ORD-00007033,1
ORD-00006198,0
ORD-00007046,1
ORD-00001773,0
ORD-00007361,0
ORD-00008868,0
ORD-00010864,0
ORD-00000551,0
ORD-00009641,1
ORD-00005144,1
ORD-00003394,0
ORD-00009308,0
ORD-00011351,0
ORD-00008571,1
ORD-00005141,0
ORD-00004111,0
ORD-00007347,0
ORD-00000777,0
ORD-00006726,0
ORD-00005922,0
ORD-00011199,0
ORD-00008573,0
ORD-00000517,1
ORD-00007212,0
ORD-00005592,0
ORD-00007076,0
ORD-00007417,0
ORD-00008611,0
ORD-00005837,0
ORD-00002930,0
ORD-00001932,1
ORD-00008106,1
ORD-00000366,0
ORD-00003821,0
ORD-00009041,1
ORD-00006984,0
ORD-00009504,0
ORD-00008851,0
ORD-00002067,0
ORD-00001796,0
ORD-00003022,0
ORD-00007761,0
ORD-00007038,1
ORD-00007489,0
ORD-00008785,0
ORD-00003105,0
ORD-00000523,0
ORD-00004676,0
ORD-00007875,0
ORD-00009083,0
ORD-00011999,0
ORD-00002590,0
ORD-00001197,0
ORD-00003993,1
ORD-00004864,0
ORD-00009094,0
ORD-00002751,0
ORD-00008710,1
ORD-00001766,0
ORD-00010635,0
ORD-00008448,0
ORD-00004212,0
ORD-00001974,0
ORD-00008077,0
ORD-00001200,0
ORD-00002928,0
ORD-00001578,0
ORD-00003085,0
ORD-00003701,0
ORD-00008825,0
ORD-00000746,0
ORD-00008502,0
ORD-00007931,0
ORD-00010278,0
ORD-00005271,0
ORD-00003654,0
ORD-00010859,0
ORD-00006175,0
ORD-00001751,0
ORD-00008989,0
ORD-00011060,0
ORD-00000246,0
ORD-00004467,0
ORD-00007061,0
ORD-00010402,0
ORD-00005096,0
ORD-00001231,0
ORD-00001571,1
ORD-00008234,0
ORD-00007983,0
ORD-00004190,0
ORD-00008147,0
ORD-00005727,0
ORD-00007246,0
ORD-00000043,0
ORD-00005208,0
ORD-00009690,0
ORD-00006593,0
ORD-00011088,1
ORD-00010966,0
ORD-00009181,0
ORD-00000239,0
ORD-00005179,0
ORD-00011466,0
ORD-00003475,0
ORD-00003547,1
ORD-00005742,0
ORD-00006234,0
ORD-00010327,0
ORD-00004516,0
ORD-00010271,0
ORD-00010887,0
ORD-00005336,1
ORD-00010121,0
ORD-00010780,0
ORD-00002159,1
ORD-00008759,0
ORD-00009212,0
ORD-00011194,0
ORD-00007576,1
ORD-00010284,0
ORD-00000270,0
ORD-00002529,0
ORD-00004010,0
ORD-00008040,1
ORD-00011618,0
ORD-00009432,0
ORD-00000820,0
ORD-00003027,1
ORD-00004919,1
ORD-00005777,0
ORD-00010322,1
ORD-00002636,0
ORD-00011320,0
ORD-00005237,0
ORD-00001792,0
ORD-00000227,0
ORD-00010213,0
ORD-00009201,0
ORD-00004472,0
ORD-00004216,0
ORD-00006007,0
ORD-00005886,0
ORD-00009263,0
ORD-00001716,0
ORD-00005020,0
ORD-00009702,0
ORD-00010893,0
ORD-00005691,0
ORD-00000379,0
ORD-00006693,0
ORD-00005879,0
ORD-00010434,0
ORD-00003588,0
ORD-00011457,0
ORD-00010673,0
ORD-00005649,0
ORD-00008920,0
ORD-00008842,1
ORD-00005912,0
ORD-00004798,0
ORD-00004298,0
ORD-00011393,0
ORD-00011449,0
ORD-00003672,1
ORD-00011383,1
ORD-00009707,0
ORD-00004518,0
ORD-00002481,0
ORD-00008484,0
ORD-00006996,0
ORD-00006720,0
ORD-00006130,0
ORD-00003887,0
ORD-00000132,1
ORD-00011516,0
ORD-00009786,0
ORD-00002546,0
ORD-00001568,0
ORD-00007218,0
ORD-00005914,0
ORD-00008272,0
ORD-00004503,0
ORD-00003900,0
ORD-00009334,0
ORD-00005446,0
ORD-00004137,0
ORD-00005892,0
ORD-00004133,0
ORD-00011980,0
ORD-00010957,0
ORD-00010951,0
ORD-00008503,0
ORD-00006962,0
ORD-00008056,1
ORD-00005453,0
ORD-00008296,0
ORD-00007657,0
ORD-00011498,0
ORD-00006366,1
ORD-00004277,0
ORD-00010236,0
ORD-00000481,0
ORD-00011309,0
ORD-00008881,0
ORD-00006076,0
ORD-00006878,0
ORD-00005102,0
ORD-00005188,0
ORD-00009225,0
ORD-00004909,0
ORD-00011099,0
ORD-00008228,0
ORD-00005467,0
ORD-00010869,0
ORD-00006914,0
ORD-00007481,0
ORD-00006957,0
ORD-00003810,0
ORD-00007696,0
ORD-00001212,0
ORD-00007933,0
ORD-00010624,0
ORD-00003595,0
ORD-00007453,0
ORD-00000432,0
ORD-00001032,0
ORD-00011809,0
ORD-00006376,0
ORD-00004698,0
ORD-00002983,1
ORD-00011258,0
ORD-00004078,1
ORD-00010738,0
ORD-00000996,0
ORD-00010935,0
ORD-00006127,0
ORD-00000055,1
ORD-00006136,0
ORD-00009047,0
ORD-00007174,0
ORD-00008565,0
ORD-00007023,0
ORD-00000859,0
ORD-00000430,0
ORD-00002638,0
ORD-00010486,0
ORD-00001604,0
ORD-00007838,0
ORD-00006104,0
ORD-00003129,0
ORD-00000943,0
ORD-00001274,0
ORD-00007769,0
ORD-00010149,1
ORD-00011014,0
ORD-00001545,0
ORD-00005329,0
ORD-00002275,0
ORD-00005441,1
ORD-00008730,0
ORD-00010806,0
ORD-00002028,0
ORD-00003764,1
ORD-00004351,0
ORD-00008929,0
ORD-00001971,0
ORD-00002180,0
ORD-00001629,0
ORD-00001131,0
ORD-00008960,0
ORD-00005948,0
ORD-00003349,0
ORD-00009454,0
ORD-00009034,0
ORD-00003913,0
ORD-00000762,1
ORD-00009716,0
ORD-00008123,0
ORD-00007840,0
ORD-00003666,0
ORD-00006125,0
ORD-00004158,0
ORD-00004566,0
ORD-00010066,0
ORD-00001128,0
ORD-00007817,0
ORD-00009033,0
ORD-00002766,1
ORD-00006953,0
ORD-00011638,0
ORD-00008889,0
ORD-00001707,0
ORD-00002046,0
ORD-00007950,0
ORD-00002573,0
ORD-00006653,0
ORD-00006313,0
ORD-00001847,0
ORD-00008801,0
ORD-00003173,1
ORD-00002955,0
ORD-00003273,0
ORD-00001875,0
ORD-00005631,0
ORD-00011069,0
ORD-00004069,0
ORD-00002777,0
ORD-00007179,0
ORD-00006297,0
ORD-00001785,0
ORD-00001335,1
ORD-00008485,0
ORD-00004148,0
ORD-00003341,0
ORD-00001464,0
ORD-00001460,0
ORD-00007655,0
ORD-00001917,0
ORD-00001959,0
ORD-00008185,1
ORD-00005747,0
ORD-00003838,0
ORD-00003714,0
ORD-00008523,0
ORD-00007908,0
ORD-00005403,1
ORD-00008912,0
ORD-00004123,0
ORD-00009701,0
ORD-00000343,0
ORD-00004466,0
ORD-00002644,1
ORD-00009448,0
ORD-00001781,0
ORD-00006937,0
ORD-00008678,0
ORD-00005789,0
ORD-00004555,0
ORD-00010234,0
ORD-00005449,1
ORD-00011469,1
ORD-00010565,1
ORD-00008355,0
ORD-00010851,1
ORD-00001865,0
ORD-00002334,0
ORD-00003066,0
ORD-00008475,0
ORD-00002450,1
ORD-00010112,0
ORD-00009959,0
ORD-00002306,0
ORD-00005278,0
ORD-00002717,0
ORD-00003270,0
ORD-00001869,0
ORD-00005646,0
ORD-00008430,1
ORD-00001883,0
ORD-00004556,1
ORD-00008482,0
ORD-00009036,0
ORD-00009482,0
ORD-00007410,0
ORD-00007935,1
ORD-00008812,0
ORD-00003494,1
ORD-00004311,0
ORD-00007867,0
ORD-00010076,0
ORD-00005991,0
ORD-00006954,0
ORD-00009790,0
ORD-00006408,0
ORD-00007255,0
ORD-00000036,0
ORD-00003868,0
ORD-00000271,0
ORD-00000999,0
ORD-00010440,1
ORD-00008157,0
ORD-00008700,0
ORD-00009495,0
ORD-00006856,0
ORD-00009307,0
ORD-00008659,0
ORD-00002252,1
ORD-00001357,0
ORD-00000042,0
ORD-00001688,1
ORD-00004283,0
ORD-00008661,0
ORD-00011045,1
ORD-00003632,0
ORD-00007922,0
ORD-00000828,0
ORD-00006458,0
ORD-00004307,0
ORD-00003060,0
ORD-00007003,0
ORD-00003097,0
ORD-00001327,0
ORD-00007442,0
ORD-00003732,0
ORD-00000640,0
ORD-00010533,0
ORD-00002430,0
ORD-00009894,0
ORD-00002368,0
ORD-00000712,0
ORD-00003385,0
ORD-00000120,0
ORD-00004722,0
ORD-00005035,0
ORD-00004712,0
ORD-00004725,0
ORD-00011771,0
ORD-00009312,0
ORD-00009178,0
ORD-00003386,0
ORD-00002284,1
ORD-00006054,0
ORD-00008442,0
ORD-00009926,0
ORD-00000309,1
ORD-00004337,1
ORD-00001739,0
ORD-00011757,0
ORD-00004055,1
ORD-00000102,0
ORD-00000186,0
ORD-00007383,1
ORD-00000299,0
ORD-00005244,0
ORD-00006847,0
ORD-00009238,0
ORD-00000642,0
ORD-00006766,0
ORD-00008747,0
ORD-00001075,1
ORD-00002413,0
ORD-00008714,1
ORD-00003629,0
ORD-00004057,0
ORD-00010542,0
ORD-00003856,0
ORD-00010094,0
ORD-00010575,0
ORD-00008621,0
ORD-00003596,0
ORD-00004468,0
ORD-00010715,0
ORD-00000032,0
ORD-00011494,0
ORD-00007364,0
ORD-00011246,1
ORD-00010080,0
ORD-00005630,0
ORD-00007857,0
ORD-00002634,0
ORD-00006316,0
ORD-00007380,0
ORD-00008551,0
ORD-00002581,0
ORD-00007773,0
ORD-00005679,0
ORD-00008786,0
ORD-00007916,1
ORD-00003555,0
ORD-00009788,0
ORD-00001819,0
ORD-00005974,1
ORD-00009113,0
ORD-00008493,0
ORD-00010753,0
ORD-00000905,0
ORD-00006177,1
ORD-00002859,1
ORD-00005333,0
ORD-00010843,0
ORD-00002796,0
ORD-00009795,0
ORD-00002909,0
ORD-00006019,0
ORD-00009841,0
ORD-00008970,0
ORD-00005781,0
ORD-00004893,0
ORD-00000259,0
ORD-00010204,0
ORD-00002421,0
ORD-00007120,0
ORD-00008628,0
ORD-00008081,0
ORD-00007368,0
ORD-00009266,0
ORD-00006987,0
ORD-00002713,0
ORD-00002034,0
ORD-00007956,1
ORD-00004852,1
ORD-00003769,0
ORD-00007861,0
ORD-00003650,0
ORD-00009856,0
ORD-00002746,1
ORD-00011733,0
ORD-00006805,0
ORD-00002007,0
ORD-00009664,0
ORD-00011118,0
ORD-00007726,0
ORD-00006576,1
ORD-00009611,0
ORD-00009378,1
ORD-00011869,0
ORD-00003636,0
ORD-00005824,1
ORD-00000925,0
ORD-00004586,0
ORD-00004568,0
ORD-00011113,0
ORD-00005775,0
ORD-00009097,0
ORD-00000282,0
ORD-00003468,0
ORD-00005544,0
ORD-00006978,1
ORD-00007701,1
ORD-00001188,0
ORD-00003420,0
ORD-00009340,0
ORD-00008203,0
ORD-00009704,0
ORD-00004581,0
ORD-00003950,0
ORD-00008289,1
ORD-00009857,0
ORD-00006569,0
ORD-00011412,1
ORD-00005813,1
ORD-00006985,0
ORD-00000158,1
ORD-00002271,0
ORD-00010206,0
ORD-00002626,0
ORD-00011317,0
ORD-00007766,0
ORD-00000843,1
ORD-00002903,0
ORD-00001832,1
ORD-00011301,1
ORD-00011691,0
ORD-00003607,1
ORD-00000785,0
ORD-00008505,0
ORD-00007767,0
ORD-00008291,0
ORD-00010510,0
ORD-00004193,0
ORD-00004686,0
ORD-00007282,0
ORD-00000466,0
ORD-00007973,0
ORD-00006253,0
ORD-00009215,0
ORD-00010757,0
ORD-00006301,0
ORD-00004621,0
ORD-00007813,0
ORD-00010491,1
ORD-00008946,1
ORD-00008676,0
ORD-00011604,0
ORD-00005134,0
ORD-00006740,0
ORD-00001474,0
ORD-00003399,0
ORD-00000954,0
ORD-00011333,0
ORD-00006605,0
ORD-00004650,0
ORD-00010148,0
ORD-00004263,1
ORD-00006318,0
ORD-00008852,0
ORD-00005550,0
ORD-00009124,0
ORD-00011523,0
ORD-00009542,0
ORD-00000243,0
ORD-00005634,0
ORD-00010245,0
ORD-00003402,0
ORD-00001324,0
ORD-00009860,0
ORD-00010699,0
ORD-00004593,0
ORD-00011560,0
ORD-00005604,0
ORD-00010676,0
ORD-00007154,0
ORD-00003445,0
ORD-00008428,1
ORD-00007762,1
ORD-00007433,0
ORD-00010127,0
ORD-00003241,1
ORD-00010119,0
ORD-00011668,1
ORD-00005057,0
ORD-00005902,0
ORD-00010313,0
ORD-00002040,0
ORD-00000276,0
ORD-00006990,0
ORD-00007408,0
ORD-00010641,0
ORD-00011239,0
ORD-00011414,0
ORD-00002771,0
ORD-00002473,0
ORD-00010737,0
ORD-00009371,0
ORD-00009390,0
ORD-00008662,0
ORD-00004524,0
ORD-00000795,0
ORD-00003590,1
ORD-00011774,0
ORD-00009811,0
ORD-00001037,0
ORD-00001173,1
ORD-00004613,0
ORD-00007869,0
ORD-00011462,0
ORD-00006801,0
ORD-00005626,0
ORD-00010420,0
ORD-00009996,0
ORD-00001328,0
ORD-00008665,0
ORD-00002332,0
ORD-00011027,0
ORD-00000661,0
ORD-00001753,0
ORD-00004767,0
ORD-00005171,0
ORD-00009196,1
ORD-00009800,0
ORD-00003202,0
ORD-00005012,0
ORD-00010377,1
ORD-00002964,0
ORD-00007444,0
ORD-00008896,0
ORD-00011932,0
ORD-00007932,0
ORD-00003275,0
ORD-00006947,0
ORD-00003461,0
ORD-00000952,0
ORD-00010618,1
ORD-00007312,0
ORD-00003858,0
ORD-00009705,0
ORD-00006088,0
ORD-00006178,0
ORD-00001919,0
ORD-00003684,0
ORD-00006400,0
ORD-00008483,0
ORD-00003602,0
ORD-00003037,0
ORD-00002461,1
ORD-00003315,0
ORD-00006483,0
ORD-00009575,1
ORD-00011847,0
ORD-00011057,0
ORD-00009781,0
ORD-00002592,0
ORD-00006838,0
ORD-00000639,1
ORD-00008410,0
ORD-00008237,1
ORD-00002182,1
ORD-00007311,0
ORD-00005164,0
ORD-00011312,0
ORD-00002236,0
ORD-00001428,0
ORD-00011738,0
ORD-00000137,0
ORD-00005049,0
ORD-00011017,0
ORD-00001673,0
ORD-00003927,0
ORD-00002517,0
ORD-00011459,0
ORD-00002027,0
ORD-00007768,0
ORD-00010023,0
ORD-00007228,0
ORD-00002038,0
ORD-00010968,0
ORD-00000584,1
ORD-00006798,0
ORD-00000497,0
ORD-00004990,0
ORD-00010428,0
ORD-00008441,0
ORD-00009828,0
ORD-00011247,1
ORD-00011903,0
ORD-00000645,0
ORD-00004050,0
ORD-00005928,0
ORD-00010425,0
ORD-00000778,1
ORD-00001241,0
ORD-00011488,0
ORD-00010386,0
ORD-00009836,0
ORD-00002911,0
ORD-00011415,0
ORD-00001009,0
ORD-00004572,0
ORD-00007679,0
ORD-00001603,0
ORD-00005067,0
ORD-00000360,0
ORD-00000912,0
ORD-00001054,0
ORD-00010556,0
ORD-00007131,0
ORD-00011606,0
ORD-00006690,0
ORD-00009976,0
ORD-00000771,1
ORD-00006806,0
ORD-00001776,0
ORD-00007113,0
ORD-00011216,0
ORD-00007413,0
ORD-00002513,0
ORD-00004734,1
ORD-00002250,0
ORD-00008848,1
ORD-00011749,1
ORD-00007056,0
ORD-00002141,0
ORD-00005379,0
ORD-00000772,1
ORD-00003132,0
ORD-00002326,0
ORD-00001670,1
ORD-00001495,0
ORD-00011550,0
ORD-00001411,0
ORD-00010462,0
ORD-00002719,0
ORD-00000682,0
ORD-00000188,1
ORD-00005484,0
ORD-00005249,0
ORD-00005841,0
ORD-00002154,0
ORD-00000279,0
ORD-00004292,0
ORD-00010475,0
ORD-00007346,0
ORD-00011541,0
ORD-00005213,1
ORD-00000577,0
ORD-00003646,0
ORD-00005502,0
ORD-00008718,1
ORD-00005337,0
ORD-00007721,0
ORD-00000694,1
ORD-00001858,0
ORD-00006477,0
ORD-00010861,1
ORD-00006641,0
ORD-00009258,0
ORD-00008138,0
ORD-00007136,0
ORD-00005803,0
ORD-00002682,0
ORD-00000974,0
ORD-00005028,0
ORD-00000520,1
ORD-00008940,1
ORD-00000258,0
ORD-00010615,0
ORD-00006478,0
ORD-00001248,0
ORD-00000165,0
ORD-00002902,0
ORD-00011215,0
ORD-00003320,0
ORD-00002991,0
ORD-00003367,0
ORD-00002547,0
ORD-00005700,0
ORD-00011689,0
ORD-00004727,1
ORD-00010272,0
ORD-00003072,1
ORD-00005645,0
ORD-00005830,0
ORD-00002392,0
ORD-00002967,0
ORD-00005117,0
ORD-00009727,0
ORD-00004207,1
ORD-00004334,1
ORD-00000409,0
ORD-00007483,0
ORD-00006735,0
ORD-00005417,0
ORD-00004042,0
ORD-00010388,0
ORD-00011189,1
ORD-00008352,0
ORD-00010815,0
ORD-00006403,0
ORD-00005962,0
ORD-00001976,0
ORD-00001619,0
ORD-00001844,0
ORD-00002281,0
ORD-00004224,1
ORD-00004673,0
ORD-00008515,0
ORD-00008459,0
ORD-00001797,0
ORD-00009293,0
ORD-00010898,0
ORD-00007277,0
ORD-00006707,0
ORD-00001320,0
ORD-00009540,0
ORD-00005724,0
ORD-00011825,0
ORD-00009848,0
ORD-00004505,0
ORD-00003463,0
ORD-00000416,0
ORD-00010250,0
ORD-00011655,0
ORD-00010974,0
ORD-00007589,0
ORD-00005173,0
ORD-00008687,0
ORD-00002205,0
ORD-00001431,0
ORD-00004792,1
ORD-00010844,0
ORD-00003497,1
ORD-00002213,0
ORD-00003392,0
ORD-00006176,0
ORD-00001306,0
ORD-00004025,1
ORD-00005409,0
ORD-00010628,0
ORD-00008331,0
ORD-00009382,0
ORD-00004393,0
ORD-00008343,0
ORD-00007063,0
ORD-00010880,0
ORD-00004754,0
ORD-00009824,0
ORD-00006733,0
ORD-00005347,0
ORD-00003229,0
ORD-00003300,0
ORD-00008317,0
ORD-00004689,1
ORD-00004339,1
ORD-00005574,0
ORD-00005500,0
ORD-00009042,0
ORD-00004015,0
ORD-00010190,0
ORD-00000877,0
ORD-00009287,0
ORD-00006972,0
ORD-00002679,0
ORD-00011759,0
ORD-00005288,0
ORD-00003067,0
ORD-00010532,0
ORD-00006490,1
ORD-00004762,0
ORD-00005769,0
ORD-00010446,1
ORD-00006503,0
ORD-00005542,0
ORD-00002168,1
ORD-00008190,0
ORD-00009494,1
ORD-00008369,1
ORD-00011365,0
ORD-00002105,0
ORD-00007650,0
ORD-00009966,0
ORD-00008610,0
ORD-00010845,0
ORD-00004525,1
ORD-00000004,0
ORD-00010226,0
ORD-00010282,1
ORD-00011272,1
ORD-00001929,0
ORD-00009738,0
ORD-00001913,0
ORD-00001942,0
ORD-00006383,0
ORD-00009490,0
ORD-00005568,0
ORD-00001437,0
ORD-00007161,0
ORD-00010351,0
ORD-00004786,0
ORD-00010765,0
ORD-00007449,0
ORD-00005984,0
ORD-00007585,0
ORD-00006364,1
ORD-00010412,0
ORD-00011440,0
ORD-00002135,0
ORD-00008172,0
ORD-00004234,0
ORD-00001887,0
ORD-00007007,1
ORD-00002203,0
ORD-00010005,1
ORD-00007718,0
ORD-00010403,0
ORD-00000290,0
ORD-00002527,0
ORD-00006714,0
ORD-00002557,0
ORD-00002076,0
ORD-00001885,0
ORD-00006894,0
ORD-00004856,0
ORD-00003934,0
ORD-00006274,0
ORD-00004043,0
ORD-00007340,0
ORD-00006514,1
ORD-00005025,0
ORD-00004921,1
ORD-00008175,0
ORD-00011109,0
ORD-00009019,1
ORD-00000386,0
ORD-00002032,0
ORD-00001820,0
ORD-00011303,0
ORD-00001835,0
ORD-00004942,1
ORD-00009889,0
ORD-00004927,0
ORD-00006151,1
ORD-00010208,0
ORD-00006710,0
ORD-00010809,0
ORD-00007280,0
ORD-00001232,0
ORD-00008310,0
ORD-00004860,0
ORD-00005156,0
ORD-00000393,0
ORD-00005087,0
ORD-00002845,1
ORD-00001710,0
ORD-00009930,0
ORD-00005145,0
ORD-00008375,0
ORD-00008527,1
ORD-00002254,0
ORD-00011240,1
ORD-00008060,0
ORD-00003265,0
ORD-00005599,0
ORD-00008398,0
ORD-00000038,0
ORD-00008345,0
ORD-00009080,0
ORD-00002946,0
ORD-00007338,1
ORD-00003285,0
ORD-00000991,0
ORD-00006767,0
ORD-00006555,0
ORD-00002056,0
ORD-00004346,0
ORD-00009845,0
ORD-00001677,0
ORD-00007144,0
ORD-00006105,0
ORD-00011266,0
ORD-00008194,0
ORD-00006639,0
ORD-00003567,0
ORD-00004580,0
ORD-00000949,0
ORD-00005396,0
ORD-00003545,0
ORD-00004425,0
ORD-00006352,0
ORD-00011972,0
ORD-00010358,0
ORD-00007330,0
ORD-00005332,0
ORD-00008819,0
ORD-00007322,0
ORD-00007814,0
ORD-00006882,0
ORD-00000787,0
ORD-00002137,1
ORD-00001896,1
ORD-00004771,0
ORD-00008529,0
ORD-00010638,0
ORD-00002303,0
ORD-00001179,0
ORD-00006263,0
ORD-00005806,0
ORD-00010090,0
ORD-00001742,0
ORD-00003326,0
ORD-00005167,0
ORD-00008742,0
ORD-00004460,0
ORD-00008681,0
ORD-00003734,0
ORD-00006769,0
ORD-00002647,0
ORD-00010489,1
ORD-00008302,1
ORD-00011770,0
ORD-00008005,0
ORD-00002995,0
ORD-00009439,1
ORD-00004761,0
ORD-00005705,0
ORD-00009517,0
ORD-00003622,0
ORD-00002540,1
ORD-00001732,0
ORD-00000196,0
ORD-00005517,0
ORD-00006099,0
ORD-00000365,0
ORD-00003466,0
ORD-00009789,0
ORD-00001987,0
ORD-00004431,0
ORD-00008607,0
ORD-00008451,0
ORD-00009205,1
ORD-00011524,0
ORD-00002086,0
ORD-00008533,0
ORD-00005825,0
ORD-00002207,0
ORD-00006154,0
ORD-00001762,0
ORD-00010561,0
ORD-00011307,0
ORD-00011052,0
ORD-00010049,0
ORD-00011352,0
ORD-00007223,0
ORD-00001083,0
ORD-00010625,0
ORD-00005065,0
ORD-00007184,0
ORD-00004347,0
ORD-00010209,0
ORD-00010711,0
ORD-00011753,0
ORD-00008968,0
ORD-00006667,0
ORD-00005899,0
ORD-00004986,0
ORD-00007713,0
ORD-00006627,0
ORD-00010870,0
ORD-00007841,0
ORD-00003674,0
ORD-00005723,0
ORD-00009731,0
ORD-00004096,0
ORD-00000607,0
ORD-00004996,0
ORD-00011971,1
ORD-00003023,0
ORD-00003587,0
ORD-00006326,0
ORD-00009430,0
ORD-00000686,0
ORD-00006101,0
ORD-00010745,0
ORD-00008895,1
ORD-00001040,1
ORD-00003560,0
ORD-00009537,0
ORD-00000019,0
ORD-00004600,0
ORD-00009208,0
ORD-00004604,0
ORD-00007818,0
ORD-00003079,0
ORD-00005693,0
ORD-00011800,0
ORD-00005266,1
ORD-00001856,0
ORD-00006567,0
ORD-00001611,0
ORD-00004885,0
ORD-00004194,0
ORD-00010139,1
ORD-00005695,0
ORD-00000257,0
ORD-00009539,0
ORD-00005193,1
ORD-00011219,0
ORD-00003982,0
ORD-00005197,0
ORD-00005501,0
ORD-00000128,0
ORD-00008693,0
ORD-00006262,1
ORD-00000559,0
ORD-00006435,1
ORD-00010275,0
ORD-00008139,0
ORD-00005996,0
ORD-00011529,0
ORD-00004559,1
ORD-00004421,0
ORD-00010545,0
ORD-00004742,0
ORD-00003262,0
ORD-00006689,1
ORD-00007728,0
ORD-00002653,0
ORD-00004897,0
ORD-00005627,0
ORD-00002515,0
ORD-00001633,0
ORD-00011174,0
ORD-00011594,0
ORD-00007787,0
ORD-00011676,0
ORD-00005533,0
ORD-00000274,1
ORD-00003873,0
ORD-00001484,0
ORD-00006574,0
ORD-00011417,0
ORD-00001799,1
ORD-00005652,0
ORD-00010421,0
ORD-00002328,0
ORD-00004541,0
ORD-00005261,0
ORD-00008923,0
ORD-00004793,0
ORD-00004084,0
ORD-00006582,0
ORD-00008876,0
ORD-00007825,0
ORD-00008890,0
ORD-00001528,0
ORD-00005224,0
ORD-00006975,0
ORD-00004531,0
ORD-00003355,0
ORD-00007041,0
ORD-00003422,0
ORD-00011368,0
ORD-00005181,0
ORD-00001510,0
ORD-00009317,0
ORD-00006144,0
ORD-00005851,0
ORD-00003961,0
ORD-00000984,0
ORD-00002598,1
ORD-00002047,0
ORD-00003652,0
ORD-00009128,0
ORD-00001834,0
ORD-00008557,0
ORD-00002286,0
ORD-00005681,0
ORD-00000361,0
ORD-00007963,0
ORD-00006797,0
ORD-00000014,0
ORD-00008458,0
ORD-00003486,0
ORD-00008953,0
ORD-00003335,0
ORD-00003946,0
ORD-00011928,0
ORD-00005713,0
ORD-00003452,0
ORD-00005644,0
ORD-00007360,0
ORD-00011780,0
ORD-00011080,0
ORD-00009391,0
ORD-00001332,0
ORD-00004186,0
ORD-00003755,0
ORD-00002260,0
ORD-00008499,0
ORD-00008021,0
ORD-00010512,1
ORD-00010207,0
ORD-00007742,0
ORD-00007491,0
ORD-00005254,0
ORD-00001298,0
ORD-00007738,0
ORD-00001158,0
ORD-00001679,0
ORD-00011784,1
ORD-00011153,0
ORD-00006713,0
ORD-00005718,0
ORD-00008887,1
ORD-00011200,0
ORD-00003156,0
ORD-00005480,0
ORD-00004116,0
ORD-00006166,0
ORD-00006355,1
ORD-00011862,0
ORD-00006431,0
ORD-00005866,0
ORD-00011520,1
ORD-00006715,0
ORD-00007450,0
ORD-00003583,0
ORD-00006074,0
ORD-00003867,0
ORD-00008134,0
ORD-00011198,0
ORD-00006487,0
ORD-00000969,1
ORD-00007533,0
ORD-00000668,0
ORD-00002079,0
ORD-00002037,0
ORD-00003681,0
ORD-00007719,0
ORD-00006745,0
ORD-00011286,1
ORD-00004499,0
ORD-00008839,0
ORD-00011567,0
ORD-00007550,0
ORD-00000993,0
ORD-00002935,0
ORD-00001415,0
ORD-00002176,0
ORD-00007159,0
ORD-00002542,0
ORD-00010927,0
ORD-00000667,0
ORD-00003508,0
ORD-00009079,0
ORD-00001400,0
ORD-00003610,0
ORD-00001657,0
ORD-00008813,0
ORD-00006676,1
ORD-00004005,0
ORD-00006174,0
ORD-00003287,1
ORD-00006731,0
ORD-00003872,1
ORD-00006622,0
ORD-00002632,1
ORD-00007689,1
ORD-00000200,1
ORD-00008460,0
ORD-00011146,0
ORD-00006238,0
ORD-00003018,1
ORD-00011968,0
ORD-00009780,0
ORD-00009755,1
ORD-00005732,1
ORD-00002643,0
ORD-00009677,0
ORD-00008176,0
ORD-00006220,1
ORD-00008758,0
ORD-00006320,1
ORD-00003796,0
ORD-00001916,0
ORD-00011079,0
ORD-00009600,0
ORD-00003204,0
ORD-00001480,0
ORD-00009027,0
ORD-00001184,0
ORD-00001980,0
ORD-00010232,0
ORD-00006280,0
ORD-00010467,0
ORD-00007176,0
ORD-00000487,1
ORD-00011018,0
ORD-00001414,0
ORD-00000160,0
ORD-00010301,0
ORD-00011648,1
ORD-00004037,0
ORD-00001442,0
ORD-00008450,0
ORD-00010185,0
ORD-00006039,0
ORD-00002017,0
ORD-00002101,0
ORD-00002835,0
ORD-00009155,0
ORD-00006463,0
ORD-00001183,0
ORD-00011544,0
ORD-00006510,0
ORD-00008051,0
ORD-00005026,0
ORD-00005356,1
ORD-00005842,0
ORD-00011159,0
ORD-00011811,0
ORD-00009670,0
ORD-00005880,0
ORD-00007805,0
ORD-00001123,0
ORD-00004536,0
ORD-00008905,0
ORD-00007575,0
ORD-00007070,1
ORD-00003516,0
ORD-00007601,0
ORD-00003052,0
ORD-00005529,0
ORD-00000094,0
ORD-00010595,0
ORD-00000573,0
ORD-00006584,0
ORD-00007372,0
ORD-00002601,1
ORD-00000913,0
ORD-00006613,0
ORD-00006725,0
ORD-00009849,0
ORD-00008837,0
ORD-00005927,0
ORD-00005010,0
ORD-00011659,0
ORD-00007146,0
ORD-00003056,0
ORD-00011537,0
ORD-00003896,0
ORD-00007748,0
ORD-00001345,0
ORD-00003944,0
ORD-00008623,1
ORD-00007797,0
ORD-00007705,0
ORD-00001451,1
ORD-00001226,0
ORD-00011210,0
ORD-00011471,0
ORD-00001127,1
ORD-00007774,0
ORD-00009203,0
ORD-00003902,0
ORD-00001880,0
ORD-00002957,1
ORD-00004426,0
ORD-00003244,0
ORD-00010173,0
ORD-00002158,0
ORD-00000702,0
ORD-00002677,0
ORD-00008526,0
ORD-00003131,0
ORD-00007889,0
ORD-00005415,0
ORD-00009982,0
ORD-00010302,0
ORD-00008113,0
ORD-00007320,0
ORD-00000987,0
ORD-00001470,0
ORD-00010977,1
ORD-00006974,0
ORD-00005391,1
ORD-00007470,0
ORD-00002246,0
ORD-00000166,0
ORD-00001508,1
ORD-00007754,0
ORD-00007888,0
ORD-00010061,0
ORD-00001945,0
ORD-00007806,0
ORD-00011409,0
ORD-00005793,1
ORD-00002924,0
ORD-00000372,1
ORD-00007964,0
ORD-00009576,0
ORD-00002782,0
ORD-00000311,1
ORD-00003257,1
ORD-00002855,0
ORD-00005667,0
ORD-00003805,1
ORD-00007310,0
ORD-00005122,0
ORD-00011093,0
ORD-00005766,0
ORD-00009837,0
ORD-00004766,0
ORD-00004306,0
ORD-00004870,1
ORD-00008843,0
ORD-00002842,0
ORD-00004378,0
ORD-00008811,0
ORD-00010312,0
ORD-00001010,0
ORD-00002665,0
ORD-00002840,0
ORD-00008335,0
ORD-00009765,1
ORD-00004389,0
ORD-00005302,0
ORD-00005306,0
ORD-00010918,0
ORD-00006405,0
ORD-00005885,0
ORD-00001593,1
ORD-00010391,0
ORD-00006564,0
ORD-00005572,0
ORD-00006360,0
ORD-00006150,0
ORD-00003080,0
ORD-00005543,0
ORD-00008420,0
ORD-00001761,0
ORD-00003031,0
ORD-00008340,0
ORD-00005748,0
ORD-00000848,0
ORD-00010596,0
ORD-00001876,0
ORD-00005530,0
ORD-00010648,0
ORD-00009255,0
ORD-00000397,0
ORD-00004390,0
ORD-00004948,0
ORD-00010293,1
ORD-00010297,0
ORD-00001459,0
ORD-00010389,0
ORD-00002090,0
ORD-00006705,0
ORD-00011782,0
ORD-00007359,0
ORD-00001354,0
ORD-00005209,1
ORD-00005401,0
ORD-00008276,0
ORD-00006027,0
ORD-00009637,0
ORD-00001352,1
ORD-00009676,1
ORD-00011495,0
ORD-00002589,0
ORD-00005557,0
ORD-00002544,0
ORD-00004611,0
ORD-00006371,0
ORD-00010804,0
ORD-00004979,0
ORD-00001698,0
ORD-00010034,1
ORD-00007249,1
ORD-00000138,1
ORD-00005943,0
ORD-00006815,0
ORD-00011724,0
ORD-00008167,0
ORD-00010281,1
ORD-00009591,0
ORD-00006917,0
ORD-00008651,0
ORD-00007552,0
ORD-00009172,1
ORD-00009072,0
ORD-00011065,0
ORD-00007103,0
ORD-00011611,0
ORD-00002333,0
ORD-00006669,1
ORD-00000197,0
ORD-00011919,0
ORD-00003806,0
ORD-00006021,0
ORD-00011059,0
ORD-00002468,0
ORD-00001956,0
ORD-00001425,0
ORD-00008262,0
ORD-00011504,0
ORD-00002354,0
ORD-00006228,1
ORD-00011938,0
ORD-00011635,0
ORD-00009798,0
ORD-00000459,0
ORD-00005958,0
ORD-00006441,1
ORD-00010800,0
ORD-00009594,0
ORD-00010427,1
ORD-00008455,0
ORD-00000911,1
ORD-00001262,0
ORD-00003561,1
ORD-00002741,0
ORD-00009063,0
ORD-00003170,0
ORD-00001493,0
ORD-00011302,0
ORD-00009180,0
ORD-00005993,0
ORD-00001704,0
ORD-00003889,0
ORD-00011254,0
ORD-00002117,0
ORD-00008181,0
ORD-00000170,1
ORD-00010260,0
ORD-00007078,0
ORD-00008577,0
ORD-00003608,1
ORD-00010744,0
ORD-00003921,0
ORD-00008156,0
ORD-00003869,0
ORD-00009182,0
ORD-00010007,0
ORD-00009260,0
ORD-00007586,0
ORD-00003933,0
ORD-00004313,0
ORD-00010174,1
ORD-00006079,0
ORD-00011817,1
ORD-00002850,0
ORD-00004131,0
ORD-00002704,0
ORD-00006205,0
ORD-00006190,1
ORD-00003784,1
ORD-00011406,1
ORD-00004094,0
ORD-00003191,0
ORD-00004372,0
ORD-00000674,0
ORD-00008219,1
ORD-00009681,0
ORD-00004230,0
ORD-00008330,0
ORD-00002248,0
ORD-00008105,0
ORD-00002097,0
ORD-00000544,0
ORD-00008360,0
ORD-00002144,0
ORD-00009171,0
ORD-00005710,0
ORD-00006298,0
ORD-00007441,1
ORD-00005772,0
ORD-00011044,0
ORD-00010507,0
ORD-00003738,0
ORD-00009122,0
ORD-00007709,0
ORD-00006397,0
ORD-00009556,0
ORD-00003677,1
ORD-00004861,0
ORD-00004995,0
ORD-00005665,0
ORD-00000391,0
ORD-00010776,0
ORD-00002887,0
ORD-00009333,0
ORD-00003611,0
ORD-00005469,0
ORD-00007873,0
ORD-00002896,0
ORD-00007970,0
ORD-00005192,0
ORD-00003643,0
ORD-00001609,0
ORD-00006796,0
ORD-00010303,0
ORD-00001723,0
ORD-00001450,0
ORD-00006950,0
ORD-00011702,0
ORD-00011609,0
ORD-00004031,0
ORD-00006965,0
ORD-00001699,0
ORD-00003449,0
ORD-00002861,0
ORD-00002340,0
ORD-00003620,0
ORD-00008510,0
ORD-00006429,0
ORD-00010981,0
ORD-00003948,0
ORD-00005966,0
ORD-00010038,0
ORD-00008016,0
ORD-00011982,1
ORD-00002121,0
ORD-00010599,0
ORD-00007988,0
ORD-00001122,0
ORD-00008217,0
ORD-00002737,0
ORD-00000860,1
ORD-00000595,0
ORD-00009193,0
ORD-00001706,1
ORD-00007710,0
ORD-00011401,0
ORD-00003411,1
ORD-00002452,0
ORD-00011182,0
ORD-00000199,0
ORD-00011732,0
ORD-00006765,0
ORD-00000536,0
ORD-00004231,0
ORD-00002077,0
ORD-00000720,0
ORD-00007729,1
ORD-00000213,0
ORD-00003223,0
ORD-00004138,0
ORD-00010866,0
ORD-00005949,0
ORD-00002870,0
ORD-00007765,0
ORD-00011963,0
ORD-00002919,0
ORD-00005981,0
ORD-00005348,0
ORD-00010225,0
ORD-00000809,0
ORD-00003826,0
ORD-00000830,0
ORD-00010594,1
ORD-00011237,0
ORD-00004708,0
ORD-00009320,0
ORD-00009139,0
ORD-00009577,0
ORD-00011367,0
ORD-00006256,0
ORD-00002971,0
ORD-00007227,0
ORD-00009880,1
ORD-00005989,1
ORD-00005459,0
ORD-00010046,0
ORD-00003104,0
ORD-00002070,0
ORD-00007561,0
ORD-00003026,0
ORD-00011967,0
ORD-00007172,0
ORD-00008320,0
ORD-00000434,0
ORD-00003176,1
ORD-00010083,0
ORD-00003594,0
ORD-00003209,0
ORD-00006706,0
ORD-00003647,0
ORD-00009272,0
ORD-00011379,0
ORD-00001833,0
ORD-00001918,0
ORD-00001575,0
ORD-00007016,0
ORD-00002337,0
ORD-00007711,0
ORD-00005859,0
ORD-00011852,0
ORD-00002687,0
ORD-00010086,0
ORD-00004245,0
ORD-00011385,1
ORD-00000964,0
ORD-00003744,0
ORD-00003412,0
ORD-00002184,1
ORD-00008644,0
ORD-00003444,0
ORD-00004512,0
ORD-00006095,0
ORD-00000707,0
ORD-00008468,0
ORD-00003094,0
ORD-00006012,0
ORD-00004693,0
ORD-00011823,0
ORD-00006753,0
ORD-00003748,0
ORD-00003226,0
ORD-00010868,0
ORD-00004060,0
ORD-00005577,1
ORD-00000367,0
ORD-00000938,0
ORD-00008449,0
ORD-00009582,0
ORD-00003565,0
ORD-00006073,0
ORD-00002189,0
ORD-00003277,0
ORD-00008743,1
ORD-00006222,0
ORD-00005944,0
ORD-00006723,0
ORD-00000959,0
ORD-00001794,0
ORD-00009936,0
ORD-00005850,0
ORD-00001765,0
ORD-00003163,0
ORD-00002939,0
ORD-00005248,0
ORD-00000045,1
ORD-00011235,0
ORD-00010706,0
ORD-00009951,0
ORD-00006704,1
ORD-00006412,0
ORD-00007210,1
ORD-00007376,1
ORD-00001256,0
ORD-00009827,0
ORD-00005131,0
ORD-00011788,0
ORD-00002237,0
ORD-00008062,0
ORD-00005326,1
ORD-00011104,0
ORD-00006556,0
ORD-00006042,0
ORD-00000244,1
ORD-00004369,0
ORD-00003124,0
ORD-00009884,0
ORD-00008383,0
ORD-00005897,0
ORD-00011672,0
ORD-00011923,0
ORD-00001778,0
ORD-00002736,0
ORD-00009785,0
ORD-00000689,0
ORD-00005100,1
ORD-00009105,0
ORD-00007503,0
ORD-00010830,0
ORD-00005961,1
ORD-00001733,1
ORD-00005795,0
ORD-00002640,0
ORD-00004364,0
ORD-00006030,1
ORD-00011566,0
ORD-00002128,0
ORD-00006299,0
ORD-00003521,1
ORD-00001693,0
ORD-00011142,0
ORD-00010571,0
ORD-00007451,0
ORD-00006218,0
ORD-00009186,0
ORD-00000395,0
ORD-00009068,1
ORD-00011984,1
ORD-00005424,0
ORD-00011953,0
ORD-00005609,0
ORD-00002459,0
ORD-00007855,1
ORD-00000301,0
ORD-00000320,0
ORD-00009888,0
ORD-00000887,0
ORD-00003120,1
ORD-00000039,0
ORD-00009614,0
ORD-00000606,0
ORD-00004301,0
ORD-00001506,0
ORD-00004667,0
ORD-00007929,0
ORD-00009968,0
ORD-00008766,0
ORD-00004256,0
ORD-00004001,0
ORD-00005570,1
ORD-00001092,0
ORD-00000814,1
ORD-00010712,0
ORD-00002264,0
ORD-00004949,0
ORD-00004077,0
ORD-00008357,1
ORD-00008004,1
ORD-00009844,0
ORD-00006694,0
ORD-00010959,0
ORD-00009046,0
ORD-00000376,0
ORD-00007642,0
ORD-00004652,0
ORD-00007519,0
ORD-00007757,1
ORD-00007830,0
ORD-00008673,0
ORD-00010734,0
ORD-00010143,0
ORD-00010496,0
ORD-00011344,0
ORD-00000083,1
ORD-00001605,0
ORD-00010598,0
ORD-00009049,0
ORD-00001989,0
ORD-00000173,0
ORD-00005297,0
ORD-00009303,0
ORD-00009834,0
ORD-00005854,0
ORD-00007201,0
ORD-00003663,0
ORD-00002897,0
ORD-00008903,0
ORD-00004408,0
ORD-00004820,1
ORD-00009152,0
ORD-00007676,0
ORD-00006457,0
ORD-00010544,0
ORD-00004654,1
ORD-00001077,0
ORD-00000786,0
ORD-00001975,0
ORD-00011137,0
ORD-00007270,0
ORD-00009709,0
ORD-00003837,1
ORD-00000918,1
ORD-00011645,0
ORD-00003891,0
ORD-00004958,0
ORD-00011338,0
ORD-00000963,0
ORD-00008434,0
ORD-00005774,0
ORD-00007302,0
ORD-00007702,0
ORD-00006491,1
ORD-00008937,0
ORD-00002734,0
ORD-00003503,0
ORD-00011858,0
ORD-00000951,0
ORD-00000040,0
ORD-00001565,1
ORD-00011775,0
ORD-00007944,1
ORD-00005285,0
ORD-00003040,0
ORD-00010617,0
ORD-00008221,0
ORD-00002179,0
ORD-00004808,0
ORD-00008414,0
ORD-00002514,0
ORD-00006473,0
ORD-00001042,1
ORD-00003305,0
ORD-00004539,0
ORD-00004048,1
ORD-00011908,1
ORD-00002618,0
ORD-00002788,0
ORD-00006162,1
ORD-00005445,0
ORD-00002129,0
ORD-00011313,0
ORD-00011882,1
ORD-00007966,0
ORD-00008757,1
ORD-00008012,0
ORD-00001683,0
ORD-00008956,1
ORD-00006342,0
ORD-00006386,0
ORD-00011306,0
ORD-00002301,1
ORD-00003264,0
ORD-00007859,0
ORD-00006334,0
ORD-00005979,0
ORD-00002365,0
ORD-00003358,0
ORD-00000406,0
ORD-00000526,0
ORD-00002710,0
ORD-00010998,0
ORD-00009656,0
ORD-00005531,0
ORD-00003345,0
ORD-00005870,0
ORD-00005551,0
ORD-00007101,0
ORD-00011901,0
ORD-00003715,0
ORD-00009059,0
ORD-00008973,0
ORD-00004034,0
ORD-00009843,0
ORD-00004939,0
ORD-00010522,0
ORD-00007555,0
ORD-00004882,0
ORD-00011124,0
ORD-00005848,0
ORD-00001268,0
ORD-00002021,0
ORD-00009356,0
ORD-00008407,0
ORD-00008789,0
ORD-00003127,0
ORD-00011203,1
ORD-00009110,0
ORD-00004054,1
ORD-00002812,0
ORD-00009031,0
ORD-00002262,0
ORD-00007803,0
ORD-00008249,0
ORD-00002285,1
ORD-00001219,0
ORD-00002270,0
ORD-00003471,1
ORD-00005694,0
ORD-00000319,0
ORD-00001284,0
ORD-00007200,0
ORD-00008634,0
ORD-00011362,0
ORD-00002685,0
ORD-00002872,0
ORD-00009493,0
ORD-00006615,0
ORD-00008067,0
ORD-00002170,0
ORD-00004892,0
ORD-00007624,0
ORD-00007658,0
ORD-00009960,0
ORD-00003694,0
ORD-00004047,1
ORD-00001812,1
ORD-00005493,0
ORD-00007216,0
ORD-00010384,0
ORD-00002936,0
ORD-00005827,0
ORD-00004041,0
ORD-00009713,0
ORD-00010603,0
ORD-00009941,0
ORD-00009397,0
ORD-00009943,0
ORD-00011587,0
ORD-00010945,0
ORD-00011502,0
ORD-00004444,0
ORD-00000751,0
ORD-00005701,0
ORD-00006941,0
ORD-00003160,0
ORD-00006506,0
ORD-00001551,0
ORD-00009119,0
ORD-00006354,0
ORD-00002398,0
ORD-00009052,0
ORD-00007490,1
ORD-00006543,1
ORD-00009851,0
ORD-00010276,0
ORD-00009300,0
ORD-00010097,0
ORD-00009452,0
ORD-00002831,0
ORD-00010381,0
ORD-00002564,0
ORD-00010167,1
ORD-00007074,0
ORD-00002298,0
ORD-00001744,0
ORD-00001211,1
ORD-00001473,0
ORD-00010834,0
ORD-00011945,0
ORD-00007391,0
ORD-00004451,1
ORD-00006169,1
ORD-00009460,0
ORD-00003886,0
ORD-00011054,0
ORD-00000342,0
ORD-00001754,1
ORD-00003670,1
ORD-00006032,0
ORD-00003239,0
ORD-00006535,1
ORD-00009179,0
ORD-00001363,0
ORD-00003086,0
ORD-00009093,0
ORD-00010359,0
ORD-00011697,1
ORD-00005165,0
ORD-00004753,1
ORD-00004653,0
ORD-00006295,0
ORD-00002140,0
ORD-00010263,0
ORD-00004737,0
ORD-00007587,0
ORD-00001378,1
ORD-00009767,0
ORD-00009867,0
ORD-00011300,0
ORD-00009687,0
ORD-00003616,0
ORD-00006204,0
ORD-00003421,0
ORD-00010154,0
ORD-00009994,0
ORD-00001511,0
ORD-00004471,0
ORD-00007191,0
ORD-00006821,0
ORD-00002833,0
ORD-00000353,0
ORD-00001743,0
ORD-00009826,0
ORD-00003071,0
ORD-00003465,1
ORD-00006462,0
ORD-00001586,0
ORD-00007432,0
ORD-00006494,0
ORD-00011485,1
ORD-00001174,0
ORD-00009377,0
ORD-00003641,0
ORD-00003230,0
ORD-00001759,0
ORD-00000570,0
ORD-00011528,0
ORD-00006864,1
ORD-00009458,0
ORD-00010436,0
ORD-00004750,0
ORD-00002103,0
ORD-00003883,0
ORD-00003218,1
ORD-00011683,1
ORD-00005088,0
ORD-00006599,0
ORD-00001503,0
ORD-00005062,1
ORD-00010985,0
ORD-00001640,0
ORD-00000021,0
ORD-00002726,0
ORD-00002227,0
ORD-00005017,0
ORD-00008622,0
ORD-00007051,0
ORD-00004382,0
ORD-00009243,0
ORD-00008240,0
ORD-00007316,0
ORD-00006474,0
ORD-00003655,0
ORD-00001533,0
ORD-00002769,0
ORD-00003592,0
ORD-00008078,0
ORD-00001106,1
ORD-00009821,0
ORD-00001039,0
ORD-00007011,0
ORD-00008711,0
ORD-00003615,0
ORD-00006055,0
ORD-00007592,0
ORD-00007751,0
ORD-00008008,0
ORD-00000947,0
ORD-00002454,1
ORD-00005540,1
ORD-00009779,0
ORD-00006348,0
ORD-00001727,0
ORD-00006534,0
ORD-00005751,0
ORD-00005029,0
ORD-00011660,0
ORD-00005361,0
ORD-00011380,0
ORD-00003548,1
ORD-00007492,0
ORD-00005583,1
ORD-00008115,1
ORD-00005132,0
ORD-00000399,0
ORD-00011278,0
ORD-00004974,0
ORD-00005935,0
ORD-00005472,0
ORD-00003918,1
ORD-00010509,0
ORD-00008394,0
ORD-00011158,0
ORD-00000652,0
ORD-00003842,0
ORD-00011387,0
ORD-00008329,0
ORD-00001924,0
ORD-00005887,0
ORD-00001637,0
ORD-00005234,0
ORD-00011786,1
ORD-00008052,1
ORD-00006356,0
ORD-00010172,0
ORD-00011446,0
ORD-00006129,0
ORD-00002498,0
ORD-00010057,1
ORD-00002134,0
ORD-00007488,0
ORD-00005429,0
ORD-00000800,0
ORD-00008049,0
ORD-00001472,0
ORD-00010132,0
ORD-00000442,0
ORD-00001413,0
ORD-00005521,0
ORD-00008677,1
ORD-00003578,0
ORD-00005598,0
ORD-00003269,0
ORD-00007845,0
ORD-00009917,0
ORD-00009349,1
ORD-00010517,0
ORD-00010562,0
ORD-00009970,1
ORD-00002438,0
ORD-00002058,0
ORD-00010445,0
ORD-00008656,0
ORD-00006420,0
ORD-00009652,0
ORD-00000027,0
ORD-00008011,0
ORD-00003985,0
ORD-00007462,0
ORD-00004410,1
ORD-00003413,0
ORD-00010053,0
ORD-00002420,0
ORD-00004056,0
ORD-00005786,0
ORD-00003231,0
ORD-00009318,0
ORD-00010171,0
ORD-00010708,0
ORD-00008132,0
ORD-00004128,1
ORD-00005175,0
ORD-00011491,0
ORD-00000115,0
ORD-00004579,0
ORD-00008921,0
ORD-00010913,0
ORD-00009530,0
ORD-00003330,0
ORD-00006043,0
ORD-00011910,0
ORD-00003343,0
ORD-00002187,0
ORD-00007778,0
ORD-00000511,0
ORD-00010107,1
ORD-00002533,0
ORD-00011917,0
ORD-00002787,0
ORD-00002764,0
ORD-00006959,0
ORD-00002120,0
ORD-00011268,0
ORD-00003786,0
ORD-00004156,0
ORD-00011241,0
ORD-00004992,0
ORD-00001564,0
ORD-00000926,1
ORD-00007402,0
ORD-00006964,1
ORD-00005990,0
ORD-00008133,0
ORD-00003849,0
ORD-00007323,0
ORD-00011615,0
ORD-00008976,0
ORD-00003705,0
ORD-00010305,0
ORD-00003483,0
ORD-00004906,0
ORD-00001386,0
ORD-00010309,0
ORD-00006851,0
ORD-00002862,0
ORD-00002372,0
ORD-00004392,1
ORD-00000669,0
ORD-00007639,1
ORD-00000879,0
ORD-00008285,0
ORD-00004068,1
ORD-00010958,0
ORD-00006614,0
ORD-00004905,0
ORD-00009891,0
ORD-00003500,1
ORD-00010192,0
ORD-00010131,0
ORD-00003511,0
ORD-00006547,0
ORD-00009013,0
ORD-00007300,0
ORD-00009313,0
ORD-00003750,0
ORD-00000184,0
ORD-00005349,0
ORD-00009769,0
ORD-00000176,0
ORD-00007440,0
ORD-00004533,0
ORD-00006261,0
ORD-00006286,0
ORD-00006153,0
ORD-00010113,0
ORD-00011639,0
ORD-00001809,1
ORD-00004528,1
ORD-00000838,0
ORD-00010182,0
ORD-00008630,0
ORD-00002460,0
ORD-00006110,0
ORD-00004988,0
ORD-00003733,0
ORD-00000691,0
ORD-00002639,0
ORD-00001338,0
ORD-00010665,0
ORD-00005731,0
ORD-00008006,0
ORD-00006309,0
ORD-00011666,0
ORD-00003922,0
ORD-00005150,0
ORD-00009470,0
ORD-00007568,0
ORD-00006611,0
ORD-00004341,0
ORD-00000381,0
ORD-00006831,0
ORD-00011078,0
ORD-00001888,0
ORD-00003356,0
ORD-00005978,0
ORD-00000169,0
ORD-00004455,0
ORD-00000029,0
ORD-00000579,0
ORD-00011880,0
ORD-00008303,0
ORD-00008641,1
ORD-00002582,0
ORD-00003676,0
ORD-00006684,0
ORD-00011957,0
ORD-00005468,0
ORD-00001165,0
ORD-00000634,0
ORD-00000477,0
ORD-00008180,0
ORD-00004902,0
ORD-00001113,1
ORD-00007755,0
ORD-00002483,0
ORD-00003342,0
ORD-00008832,0
ORD-00004108,0
ORD-00005166,0
ORD-00008286,0
ORD-00011891,0
ORD-00004660,0
ORD-00004641,0
ORD-00008879,0
ORD-00010686,0
ORD-00001349,1
ORD-00001146,0
ORD-00005408,0
ORD-00002828,0
ORD-00001402,0
ORD-00004884,0
ORD-00011647,0
ORD-00001948,1
ORD-00007225,1
ORD-00001336,0
ORD-00000731,0
ORD-00001141,1
ORD-00008030,1
ORD-00010516,0
ORD-00011710,0
ORD-00007239,0
ORD-00006233,0
ORD-00002404,0
ORD-00002444,0
ORD-00000813,0
ORD-00005368,0
ORD-00007341,1
ORD-00008783,0
ORD-00007906,0
ORD-00006172,1
ORD-00011781,0
ORD-00009874,0
ORD-00008294,0
ORD-00004814,1
ORD-00001253,0
ORD-00003634,0
ORD-00010631,0
ORD-00004030,0
ORD-00003819,0
ORD-00000163,0
ORD-00009613,0
ORD-00010453,0
ORD-00005072,0
ORD-00007177,0
ORD-00006006,1
ORD-00011857,0
ORD-00002043,1
ORD-00011172,0
ORD-00002550,0
ORD-00000152,1
ORD-00001036,0
ORD-00008550,0
ORD-00010251,0
ORD-00009608,1
ORD-00000175,0
ORD-00000358,0
ORD-00004999,0
ORD-00000225,1
ORD-00005448,0
ORD-00007958,0
ORD-00005080,0
ORD-00008754,0
ORD-00008277,0
ORD-00004729,0
ORD-00011542,0
ORD-00004343,1
ORD-00006346,0
ORD-00011937,0
ORD-00010360,0
ORD-00011633,0
ORD-00004192,0
ORD-00008636,0
ORD-00003470,0
ORD-00002808,0
ORD-00006008,0
ORD-00007412,0
ORD-00011777,0
ORD-00002011,0
ORD-00005624,0
ORD-00002470,0
ORD-00002310,0
ORD-00002273,0
ORD-00010716,0
ORD-00007608,0
ORD-00002082,0
ORD-00004437,1
ORD-00009195,0
ORD-00006732,0
ORD-00004748,0
ORD-00011699,1
ORD-00000760,0
ORD-00010494,0
ORD-00006082,0
ORD-00007080,0
ORD-00003050,0
ORD-00001843,0
ORD-00003909,0
ORD-00002560,0
ORD-00007968,0
ORD-00009159,0
ORD-00000267,0
ORD-00003776,0
ORD-00005977,0
ORD-00005283,0
ORD-00004405,0
ORD-00001599,0
ORD-00007556,0
ORD-00002504,0
ORD-00002791,1
ORD-00001529,1
ORD-00006092,0
ORD-00009213,1
ORD-00003216,0
ORD-00008161,0
ORD-00008454,0
ORD-00006323,0
ORD-00000113,0
ORD-00002162,0
ORD-00000889,0
ORD-00010253,0
ORD-00010016,0
ORD-00004352,0
ORD-00003695,0
ORD-00001958,0
ORD-00009481,0
ORD-00008325,0
ORD-00004101,0
ORD-00002074,0
ORD-00007977,0
ORD-00002949,0
ORD-00002229,0
ORD-00003307,0
ORD-00000542,0
ORD-00011874,0
ORD-00011557,1
ORD-00007335,0
ORD-00001331,0
ORD-00008787,0
ORD-00003723,0
ORD-00010186,0
ORD-00009588,1
ORD-00005301,0
ORD-00009148,0
ORD-00005018,0
ORD-00005619,0
ORD-00006907,0
ORD-00008546,0
ORD-00005491,0
ORD-00009549,1
ORD-00011599,0
ORD-00001771,0
ORD-00002662,0
ORD-00007844,0
ORD-00002674,0
ORD-00008642,0
ORD-00006338,0
ORD-00010613,0
ORD-00001203,1
ORD-00003013,0
ORD-00011453,0
ORD-00000077,0
ORD-00000060,0
ORD-00000123,0
ORD-00005720,0
ORD-00006729,0
ORD-00000362,0
ORD-00007564,0
ORD-00001057,0
ORD-00011843,0
ORD-00002612,0
ORD-00008931,0
ORD-00004578,0
ORD-00004517,1
ORD-00001260,0
ORD-00000438,0
ORD-00002567,0
ORD-00001198,0
ORD-00004278,0
ORD-00001066,0
ORD-00005330,1
ORD-00001663,0
ORD-00006751,0
ORD-00011138,0
ORD-00007411,0
ORD-00007139,0
ORD-00011398,0
ORD-00002948,0
ORD-00005920,0
ORD-00011704,0
ORD-00006911,0
ORD-00004515,0
ORD-00002375,0
ORD-00005658,0
ORD-00000736,0
ORD-00007418,1
ORD-00005001,0
ORD-00011438,0
ORD-00007409,0
ORD-00005663,0
ORD-00000863,0
ORD-00004199,1
ORD-00002100,0
ORD-00007271,0
ORD-00003573,0
ORD-00000117,0
ORD-00005545,0
ORD-00003030,0
ORD-00000101,0
ORD-00003614,0
ORD-00001193,1
ORD-00008213,0
ORD-00008474,0
ORD-00003139,0
ORD-00001382,0
ORD-00011807,0
ORD-00009004,0
ORD-00006986,0
ORD-00001658,0
ORD-00003850,0
ORD-00000589,0
ORD-00001313,0
ORD-00008674,1
ORD-00006106,0
ORD-00000110,0
ORD-00004871,1
ORD-00007427,0
ORD-00001394,0
ORD-00002916,0
ORD-00000930,0
ORD-00007026,0
ORD-00010587,0
ORD-00008655,1
ORD-00008737,0
ORD-00002822,0
ORD-00002851,1
ORD-00005603,0
ORD-00001102,0
ORD-00011319,0
ORD-00004800,0
ORD-00006846,0
ORD-00005759,1
ORD-00005569,0
ORD-00011330,1
ORD-00010026,0
ORD-00002821,0
ORD-00010105,0
ORD-00005433,0
ORD-00009680,0
ORD-00003106,0
ORD-00007887,0
ORD-00009745,0
ORD-00000449,0
ORD-00007545,0
ORD-00003599,0
ORD-00005200,0
ORD-00007909,1
ORD-00008913,0
ORD-00004966,0
ORD-00006875,0
ORD-00001085,0
ORD-00011270,0
ORD-00007776,0
ORD-00002659,0
ORD-00009934,0
ORD-00005852,1
ORD-00005435,0
ORD-00005073,0
ORD-00003550,0
ORD-00006923,0
ORD-00003628,0
ORD-00005525,0
ORD-00008026,0
ORD-00002945,0
ORD-00011297,1
ORD-00003448,0
ORD-00011390,0
ORD-00002440,0
ORD-00001321,0
ORD-00005190,0
ORD-00009275,0
ORD-00001573,0
ORD-00001026,0
ORD-00009513,0
ORD-00000719,0
ORD-00011231,0
ORD-00010663,0
ORD-00010832,0
ORD-00003718,0
ORD-00008944,0
ORD-00009437,0
ORD-00003710,0
ORD-00001333,0
ORD-00005776,0
ORD-00010134,1
ORD-00002668,0
ORD-00006119,0
ORD-00002290,0
ORD-00011102,0
ORD-00009353,0
ORD-00010045,0
ORD-00001952,0
ORD-00004164,0
ORD-00001855,0
ORD-00002614,0
ORD-00005938,0
ORD-00011046,0
ORD-00010942,0
ORD-00005455,0
ORD-00007565,0
ORD-00000543,0
ORD-00002762,0
ORD-00010770,0
ORD-00006200,0
ORD-00007399,0
ORD-00010833,0
ORD-00010331,0
ORD-00009369,0
ORD-00010647,0
ORD-00008422,0
ORD-00002115,0
ORD-00006983,0
ORD-00000514,0
ORD-00009847,0
ORD-00007524,0
ORD-00001390,1
ORD-00004858,0
ORD-00008229,0
ORD-00011728,1
ORD-00010580,0
ORD-00003683,0
ORD-00005845,0
ORD-00011793,0
ORD-00006143,0
ORD-00008104,0
ORD-00005481,1
ORD-00006086,0
ORD-00001319,0
ORD-00011549,0
ORD-00005518,0
ORD-00010891,0
ORD-00004878,0
ORD-00006662,0
ORD-00009185,0
ORD-00000252,1
ORD-00005457,0
ORD-00009435,0
ORD-00004387,0
ORD-00008583,1
ORD-00007981,0
ORD-00011930,0
ORD-00006058,1
ORD-00011055,0
ORD-00011511,0
ORD-00010687,1
ORD-00001312,0
ORD-00004358,1
ORD-00001360,0
ORD-00010605,0
ORD-00011500,0
ORD-00008346,0
ORD-00010658,0
ORD-00000098,0
ORD-00007829,0
ORD-00006087,0
ORD-00004642,0
ORD-00008280,0
ORD-00004757,0
ORD-00010895,0
ORD-00011939,0
ORD-00006743,0
ORD-00007617,0
ORD-00006889,0
ORD-00003919,0
ORD-00009295,1
ORD-00002864,0
ORD-00007424,0
ORD-00000627,0
ORD-00009783,0
ORD-00010160,0
ORD-00000556,0
ORD-00003436,1
ORD-00009948,1
ORD-00002087,0
ORD-00003781,1
ORD-00011261,0
ORD-00008288,0
ORD-00000758,1
ORD-00003364,0
ORD-00011315,0
ORD-00003574,0
ORD-00000015,0
ORD-00001756,0
ORD-00009010,1
ORD-00001186,0
ORD-00002776,0
ORD-00004475,0
ORD-00011622,0
ORD-00001654,0
ORD-00002406,0
ORD-00011230,0
ORD-00006025,0
ORD-00003814,1
ORD-00008089,0
ORD-00006248,0
ORD-00005353,1
ORD-00005587,1
ORD-00007523,0
ORD-00007954,0
ORD-00008562,0
ORD-00011855,0
ORD-00002465,0
ORD-00003175,0
ORD-00006290,0
ORD-00001487,0
ORD-00010531,0
ORD-00003947,0
ORD-00006880,0
ORD-00011346,0
ORD-00008702,0
ORD-00005872,0
ORD-00001080,1
ORD-00003009,0
ORD-00011831,0
ORD-00003438,0
ORD-00011737,0
ORD-00007325,0
ORD-00000240,0
ORD-00000834,1
ORD-00004850,1
ORD-00008254,0
ORD-00010717,0
ORD-00002689,1
ORD-00004017,0
ORD-00007104,0
ORD-00006920,1
ORD-00000803,0
ORD-00001084,0
ORD-00002416,0
ORD-00003707,0
ORD-00011236,0
ORD-00003625,0
ORD-00007485,0
ORD-00005108,0
ORD-00011907,0
ORD-00010775,0
ORD-00004773,0
ORD-00006577,0
ORD-00002247,0
ORD-00008404,0
ORD-00009388,0
ORD-00002972,0
ORD-00006538,0
ORD-00008297,0
ORD-00007957,0
ORD-00008631,0
ORD-00009405,0
ORD-00003852,0
ORD-00006499,0
ORD-00011062,0
ORD-00011763,0
ORD-00007611,0
ORD-00000483,0
ORD-00001566,0
ORD-00009519,0
ORD-00007307,1
ORD-00002969,1
ORD-00001153,0
ORD-00009364,0
ORD-00002266,0
ORD-00004987,0
ORD-00000728,0
ORD-00006479,0
ORD-00009907,1
ORD-00003968,0
ORD-00009590,0
ORD-00010668,0
ORD-00009233,0
ORD-00001950,1
ORD-00011456,0
ORD-00011641,0
ORD-00002472,0
ORD-00005487,1
ORD-00007439,0
ORD-00004662,0
ORD-00008496,0
ORD-00011250,0
ORD-00004770,1
ORD-00000833,0
ORD-00001801,0
ORD-00008658,0
ORD-00004371,0
ORD-00001209,0
ORD-00006411,0
ORD-00006892,1
ORD-00008626,0
ORD-00001933,1
ORD-00001389,1
ORD-00005888,0
ORD-00007095,0
ORD-00009451,0
ORD-00005404,0
ORD-00005815,0
ORD-00004082,0
ORD-00007328,0
ORD-00000726,0
ORD-00000062,1
ORD-00006111,0
ORD-00003978,0
ORD-00006292,0
ORD-00011111,0
ORD-00004195,0
ORD-00006850,0
ORD-00002123,0
ORD-00011585,0
ORD-00004109,0
ORD-00008838,0
ORD-00004317,0
ORD-00001426,0
ORD-00006888,0
ORD-00011388,0
ORD-00006314,0
ORD-00006339,0
ORD-00009321,1
ORD-00000532,0
ORD-00001767,0
ORD-00007242,1
ORD-00006329,0
ORD-00004095,0
ORD-00000729,0
ORD-00009483,1
ORD-00010963,0
ORD-00011332,0
ORD-00001351,0
ORD-00010829,0
ORD-00005068,0
ORD-00009758,0
ORD-00001093,0
ORD-00000770,0
ORD-00008382,0
ORD-00009221,0
ORD-00003956,0
ORD-00000718,0
ORD-00011122,0
ORD-00000202,0
ORD-00004938,0
ORD-00009850,0
ORD-00003103,0
ORD-00004768,0
ORD-00003333,0
ORD-00003904,0
ORD-00007660,1
ORD-00008207,0
ORD-00005904,0
ORD-00001686,0
ORD-00003717,0
ORD-00001639,0
ORD-00010460,1
ORD-00008822,0
ORD-00006925,0
ORD-00004696,0
ORD-00011584,0
ORD-00008275,0
ORD-00006778,0
ORD-00004151,1
ORD-00000858,0
ORD-00011208,0
ORD-00010837,0
ORD-00002524,0
ORD-00008177,0
ORD-00009819,0
ORD-00001494,0
ORD-00009733,0
ORD-00004302,0
ORD-00007809,0
ORD-00010782,0
ORD-00001046,0
ORD-00003272,0
ORD-00002894,0
ORD-00004033,1
ORD-00006370,0
ORD-00009526,1
ORD-00010397,0
ORD-00005397,0
ORD-00003429,0
ORD-00004322,0
ORD-00001701,0
ORD-00000638,0
ORD-00004375,0
ORD-00007072,0
ORD-00010733,0
ORD-00002954,0
ORD-00011006,0
ORD-00009657,0
ORD-00006737,0
ORD-00007811,0
ORD-00006450,0
ORD-00010248,0
ORD-00007865,1
ORD-00001120,0
ORD-00010514,0
ORD-00000111,0
ORD-00007530,0
ORD-00007318,0
ORD-00010125,0
ORD-00010295,1
ORD-00007965,1
ORD-00011454,0
ORD-00000003,0
ORD-00005315,0
ORD-00000819,0
ORD-00005597,0
ORD-00006865,0
ORD-00005585,0
ORD-00009516,0
ORD-00004502,0
ORD-00003352,1
ORD-00006868,0
ORD-00007068,0
ORD-00002877,0
ORD-00005829,0
ORD-00009510,0
ORD-00010065,0
ORD-00005323,0
ORD-00006444,0
ORD-00008602,0
ORD-00005505,0
ORD-00010581,0
ORD-00009920,0
ORD-00008637,0
ORD-00006712,0
ORD-00007397,0
ORD-00000610,0
ORD-00009379,0
ORD-00003903,1
ORD-00008977,1
ORD-00000458,0
ORD-00003605,0
ORD-00001316,1
ORD-00004362,0
ORD-00005506,0
ORD-00005638,0
ORD-00004845,1
ORD-00011095,0
ORD-00005670,0
ORD-00007331,0
ORD-00006617,0
ORD-00001840,0
ORD-00001215,0
ORD-00010797,0
ORD-00010181,0
ORD-00009766,1
ORD-00003311,0
ORD-00010813,0
ORD-00004276,0
ORD-00004567,0
ORD-00007593,0
ORD-00006946,0
ORD-00006380,1
ORD-00003125,0
ORD-00007299,0
ORD-00004461,0
ORD-00003430,0
ORD-00001787,0
ORD-00002611,0
ORD-00000085,0
ORD-00007943,0
ORD-00001791,0
ORD-00007475,0
ORD-00006102,0
ORD-00007196,0
ORD-00010847,0
ORD-00011632,0
ORD-00003994,0
ORD-00011296,0
ORD-00010600,0
ORD-00002493,0
ORD-00003426,0
ORD-00003255,0
ORD-00010390,0
ORD-00002732,0
ORD-00002535,0
ORD-00005633,0
ORD-00006035,0
ORD-00002715,0
ORD-00010632,1
ORD-00005299,0
ORD-00010713,1
ORD-00001827,0
ORD-00008579,0
ORD-00011521,0
ORD-00007098,0
ORD-00008800,1
ORD-00001446,0
ORD-00002871,0
ORD-00001129,0
ORD-00004880,0
ORD-00011981,0
ORD-00000547,0
ORD-00010888,0
ORD-00005407,0
ORD-00008808,0
ORD-00001136,0
ORD-00001626,0
ORD-00001684,0
ORD-00009398,0
ORD-00007115,0
ORD-00004228,0
ORD-00009206,0
ORD-00005293,0
ORD-00005410,0
ORD-00002287,0
ORD-00005412,0
ORD-00005889,0
ORD-00003415,0
ORD-00008605,0
ORD-00001374,0
ORD-00009868,0
ORD-00011851,0
ORD-00005662,0
ORD-00011345,1
ORD-00008018,0
ORD-00010719,0
ORD-00009143,0
ORD-00000061,0
ORD-00000284,0
ORD-00008425,0
ORD-00011147,0
ORD-00005714,0
ORD-00009020,0
ORD-00007698,0
ORD-00004136,0
ORD-00002621,0
ORD-00002890,1
ORD-00011322,0
ORD-00001223,0
ORD-00009928,0
ORD-00002583,1
ORD-00004843,0
ORD-00004014,0
ORD-00011748,0
ORD-00006728,0
ORD-00011828,0
ORD-00003931,0
ORD-00003354,0
ORD-00010274,0
ORD-00006633,1
ORD-00003281,0
ORD-00005929,0
ORD-00010876,0
ORD-00009892,0
ORD-00010290,0
ORD-00008803,0
ORD-00000291,0
ORD-00004259,0
ORD-00001003,0
ORD-00007435,0
ORD-00011583,0
ORD-00008604,0
ORD-00001862,0
ORD-00005838,0
ORD-00001939,1
ORD-00003361,0
ORD-00011849,0
ORD-00004100,1
ORD-00000894,0
ORD-00003951,0
ORD-00004007,0
ORD-00004144,0
ORD-00004873,0
ORD-00009417,1
ORD-00001653,1
ORD-00009583,0
ORD-00005602,0
ORD-00005712,0
ORD-00011690,0
ORD-00000655,0
ORD-00005669,0
ORD-00006596,0
ORD-00001902,0
ORD-00007147,0
ORD-00008830,0
ORD-00008191,0
ORD-00000428,0
ORD-00007127,0
ORD-00001322,0
ORD-00008409,0
ORD-00009993,0
ORD-00010103,1
ORD-00001665,0
ORD-00005860,0
ORD-00011308,0
ORD-00006644,0
ORD-00011053,1
ORD-00008252,1
ORD-00003419,0
ORD-00011767,0
ORD-00008972,0
ORD-00001940,1
ORD-00004680,0
ORD-00005901,0
ORD-00010839,0
ORD-00011201,0
ORD-00003680,0
ORD-00008227,1
ORD-00002578,0
ORD-00003474,0
ORD-00007536,0
ORD-00008438,0
ORD-00004241,0
ORD-00009418,0
ORD-00011458,1
ORD-00003969,0
ORD-00011577,0
ORD-00005968,1
ORD-00000781,0
ORD-00011815,0
ORD-00002680,0
ORD-00010329,0
ORD-00003102,0
ORD-00001894,0
ORD-00008593,0
ORD-00007395,0
ORD-00006648,0
ORD-00002915,0
ORD-00005216,0
ORD-00011814,0
ORD-00002408,0
ORD-00004404,0
ORD-00004961,0
ORD-00006123,0
ORD-00002743,0
ORD-00005654,1
ORD-00002849,0
ORD-00011326,0
ORD-00011785,0
ORD-00004368,0
ORD-00000119,0
ORD-00009025,1
ORD-00011089,0
ORD-00002359,0
ORD-00007591,0
ORD-00002745,0
ORD-00011701,0
ORD-00000891,0
ORD-00008326,0
ORD-00005800,0
ORD-00006652,1
ORD-00010197,1
ORD-00009133,0
ORD-00001216,1
ORD-00006668,0
ORD-00003118,0
ORD-00008922,0
ORD-00007434,0
ORD-00008031,0
ORD-00006744,1
ORD-00011097,0
ORD-00008979,0
ORD-00011416,0
ORD-00004763,0
ORD-00011712,0
ORD-00000350,1
ORD-00000321,1
ORD-00001901,0
ORD-00004679,0
ORD-00000862,1
ORD-00005477,0
ORD-00002827,0
ORD-00003041,1
ORD-00007918,0
ORD-00000091,0
ORD-00009475,0
ORD-00003161,0
ORD-00001478,0
ORD-00001562,0
ORD-00011207,0
ORD-00005575,0
ORD-00011552,0
ORD-00010552,0
ORD-00005063,0
ORD-00009288,0
ORD-00007261,0
ORD-00011123,1
ORD-00003049,0
ORD-00007217,0
ORD-00003276,0
ORD-00011448,1
ORD-00011281,0
ORD-00000643,1
ORD-00005395,0
ORD-00002136,0
ORD-00007288,0
ORD-00000384,0
ORD-00005653,0
ORD-00000418,0
ORD-00009082,0
ORD-00007373,0
ORD-00006955,0
ORD-00009932,0
ORD-00004265,0
ORD-00000927,0
ORD-00004626,0
ORD-00005951,0
ORD-00003119,0
ORD-00011743,0
ORD-00002570,1
ORD-00004540,0
ORD-00005463,0
ORD-00005471,0
ORD-00010060,0
ORD-00001095,0
ORD-00004719,0
ORD-00011493,0
ORD-00007382,0
ORD-00011505,0
ORD-00010201,0
ORD-00004664,0
ORD-00011975,0
ORD-00002616,0
ORD-00008927,1
ORD-00004009,0
ORD-00009568,0
ORD-00000742,1
ORD-00004830,0
ORD-00002215,0
ORD-00007877,1
ORD-00003200,1
ORD-00011729,0
ORD-00009290,0
ORD-00008617,1
ORD-00001588,1
ORD-00006919,0
ORD-00010372,0
ORD-00010761,0
ORD-00006981,0
ORD-00008709,0
ORD-00002703,0
ORD-00001507,0
ORD-00008695,1
ORD-00008805,0
ORD-00005628,1
ORD-00001433,0
ORD-00002407,0
ORD-00000681,1
ORD-00007848,0
ORD-00001279,0
ORD-00008824,0
ORD-00005450,0
ORD-00004114,0
ORD-00003534,0
ORD-00001810,0
ORD-00003010,1
ORD-00005406,1
ORD-00002439,0
ORD-00009236,0
ORD-00011670,0
ORD-00006148,0
ORD-00001305,0
ORD-00008486,0
ORD-00000162,0
ORD-00000469,0
ORD-00010747,0
ORD-00006315,0
ORD-00010954,0
ORD-00011211,0
ORD-00000017,1
ORD-00005840,0
ORD-00006037,1
ORD-00003268,0
ORD-00008284,0
ORD-00006843,1
ORD-00003363,0
ORD-00007959,0
ORD-00007469,0
ORD-00006157,0
ORD-00006989,0
ORD-00009362,1
ORD-00008264,1
ORD-00006528,0
ORD-00006259,0
ORD-00001430,1
ORD-00010455,0
ORD-00005869,0
ORD-00005075,0
ORD-00000801,0
ORD-00011548,1
ORD-00009154,0
ORD-00002026,0
ORD-00004789,0
ORD-00002462,0
ORD-00002467,0
ORD-00006645,0
ORD-00006505,1
ORD-00007694,0
ORD-00004424,0
ORD-00009444,0
ORD-00003987,0
ORD-00000903,0
ORD-00008739,0
ORD-00002807,0
ORD-00005836,0
ORD-00010205,0
ORD-00004602,0
ORD-00001534,0
ORD-00011866,0
ORD-00001406,0
ORD-00001434,0
ORD-00004331,0
ORD-00006739,0
ORD-00001994,0
ORD-00002906,0
ORD-00001678,0
ORD-00006829,0
ORD-00002913,0
ORD-00006446,0
ORD-00000797,0
ORD-00002325,0
ORD-00007354,1
ORD-00008184,0
ORD-00009835,0
ORD-00003447,0
ORD-00004890,0
ORD-00009062,0
ORD-00010889,0
ORD-00005611,0
ORD-00006845,0
ORD-00005054,0
ORD-00001237,0
ORD-00011214,0
ORD-00011601,1
ORD-00003169,0
ORD-00004589,0
ORD-00005773,0
ORD-00008767,1
ORD-00005127,0
ORD-00009618,0
ORD-00000465,0
ORD-00006540,0
ORD-00010404,1
ORD-00007549,0
ORD-00006451,0
ORD-00005780,0
ORD-00002424,0
ORD-00004019,0
ORD-00002528,0
ORD-00002336,0
ORD-00000977,0
ORD-00011808,1
ORD-00000824,0
ORD-00009480,0
ORD-00008831,1
ORD-00004250,0
ORD-00000768,0
ORD-00006075,0
ORD-00001668,0
ORD-00002417,0
ORD-00006201,0
ORD-00002363,0
ORD-00010771,0
ORD-00006223,0
ORD-00009091,0
ORD-00001424,1
ORD-00008148,0
ORD-00011318,0
ORD-00000892,1
ORD-00010498,0
ORD-00001560,0
ORD-00000710,0
ORD-00006118,0
ORD-00009668,0
ORD-00010095,0
ORD-00011525,0
ORD-00006401,0
ORD-00005884,0
ORD-00009223,0
ORD-00011487,0
ORD-00011826,0
ORD-00007531,0
ORD-00004794,1
ORD-00000348,1
ORD-00003506,0
ORD-00005005,0
ORD-00006719,0
ORD-00002302,0
ORD-00008274,0
ORD-00004749,0
ORD-00005422,0
ORD-00000191,1
ORD-00004021,0
ORD-00008361,0
ORD-00010283,0
ORD-00003782,0
ORD-00006276,0
ORD-00008774,0
ORD-00005994,0
ORD-00006840,0
ORD-00003317,0
ORD-00007422,0
ORD-00010858,0
ORD-00009219,0
ORD-00007967,0
ORD-00007607,0
ORD-00003597,0
ORD-00010793,0
ORD-00003184,0
ORD-00000445,0
ORD-00003075,0
ORD-00003818,0
ORD-00003974,0
ORD-00009014,0
ORD-00010264,0
ORD-00002585,0
ORD-00000605,0
ORD-00006858,0
ORD-00009753,0
ORD-00002731,0
ORD-00002826,1
ORD-00004612,0
ORD-00001471,1
ORD-00000653,0
ORD-00008945,0
ORD-00008578,0
ORD-00005558,0
ORD-00005195,0
ORD-00004155,0
ORD-00003885,1
ORD-00007260,0
ORD-00004480,0
ORD-00001556,0
ORD-00001800,1
ORD-00003853,1
ORD-00011994,0
ORD-00007892,0
ORD-00011331,0
ORD-00011243,0
ORD-00006734,0
ORD-00001348,0
ORD-00011870,0
ORD-00011758,0
ORD-00010330,0
ORD-00003196,0
ORD-00011213,0
ORD-00002381,0
ORD-00004854,0
ORD-00003965,1
ORD-00001891,0
ORD-00011727,0
ORD-00004991,0
ORD-00009423,0
ORD-00007900,1
ORD-00006069,0
ORD-00003577,0
ORD-00003491,0
ORD-00009682,0
ORD-00002794,0
ORD-00001058,0
ORD-00007443,0
ORD-00004167,0
ORD-00002806,0
ORD-00005059,0
ORD-00010152,0
ORD-00000016,0
ORD-00003433,0
ORD-00000510,0
ORD-00004879,0
ORD-00006626,0
ORD-00003292,0
ORD-00009545,0
ORD-00001540,0
ORD-00004683,0
ORD-00001921,0
ORD-00004456,0
ORD-00002974,0
ORD-00005475,0
ORD-00011141,0
ORD-00007600,0
ORD-00003943,0
ORD-00005534,0
ORD-00005856,0
ORD-00010546,0
ORD-00008256,0
ORD-00004481,0
ORD-00007005,0
ORD-00004704,0
ORD-00011772,0
ORD-00003418,0
ORD-00011582,1
ORD-00001094,0
ORD-00008065,0
ORD-00006647,1
ORD-00002740,0
ORD-00009531,0
ORD-00007851,0
ORD-00010692,0
ORD-00000078,0
ORD-00006379,0
ORD-00007788,0
ORD-00007839,0
ORD-00002738,0
ORD-00007220,1
ORD-00010720,0
ORD-00009773,0
ORD-00001813,0
ORD-00011760,0
ORD-00009740,0
ORD-00010948,0
ORD-00007580,0
ORD-00001934,0
ORD-00002980,0
ORD-00007253,0
ORD-00003344,0
ORD-00007686,0
ORD-00011360,0
ORD-00000189,0
ORD-00000444,0
ORD-00000872,0
ORD-00005814,0
ORD-00002410,0
ORD-00000486,0
ORD-00000052,1
ORD-00000065,0
ORD-00009697,0
ORD-00003890,0
ORD-00010541,0
ORD-00011773,0
ORD-00003551,0
ORD-00004044,0
ORD-00005085,0
ORD-00010619,0
ORD-00002922,0
ORD-00010743,0
ORD-00005215,0
ORD-00002672,0
ORD-00011359,0
ORD-00011685,0
ORD-00002813,0
ORD-00006628,0
ORD-00011422,0
ORD-00006404,0
ORD-00006061,0
ORD-00009509,0
ORD-00003048,1
ORD-00003250,0
ORD-00011918,0
ORD-00006525,0
ORD-00002142,0
ORD-00002119,0
ORD-00001690,0
ORD-00011496,0
ORD-00004582,0
ORD-00007182,0
ORD-00003174,0
ORD-00010215,0
ORD-00004439,0
ORD-00010454,0
ORD-00002200,0
ORD-00008668,0
ORD-00005941,1
ORD-00005556,0
ORD-00011818,0
ORD-00002289,1
ORD-00010796,0
ORD-00001669,0
ORD-00004575,0
ORD-00011948,0
ORD-00008539,0
ORD-00007558,0
ORD-00001498,0
ORD-00000280,0
ORD-00003137,0
ORD-00009144,0
ORD-00004139,0
ORD-00006040,0
ORD-00002390,1
ORD-00009189,0
ORD-00009956,0
ORD-00003895,0
ORD-00003036,1
ORD-00006165,0
ORD-00001747,0
ORD-00003767,1
ORD-00000982,0
ORD-00006952,0
ORD-00000153,0
ORD-00000664,0
ORD-00000371,0
ORD-00010723,0
ORD-00008508,0
ORD-00001330,1
ORD-00011464,0
ORD-00004161,0
ORD-00009240,1
ORD-00007720,0
ORD-00010640,0
ORD-00007480,1
ORD-00008685,1
ORD-00011564,0
ORD-00003193,0
ORD-00001088,0
ORD-00006341,0
ORD-00010138,0
ORD-00009440,0
ORD-00004284,0
ORD-00004732,0
ORD-00001746,0
ORD-00006502,0
ORD-00003892,0
ORD-00007700,0
ORD-00008351,0
ORD-00003441,1
ORD-00006399,0
ORD-00004521,0
ORD-00008581,0
ORD-00009914,0
ORD-00009370,0
ORD-00010816,0
ORD-00001419,1
ORD-00007553,0
ORD-00000921,0
ORD-00002604,0
ORD-00000429,0
ORD-00001015,0
ORD-00010742,0
ORD-00006943,0
ORD-00011048,1
ORD-00011119,0
ORD-00009129,1
ORD-00006016,0
ORD-00009085,0
ORD-00005526,0
ORD-00006390,0
ORD-00002214,0
ORD-00010482,0
ORD-00003752,0
ORD-00001772,1
ORD-00002249,0
ORD-00003990,0
ORD-00005322,0
ORD-00001302,0
ORD-00001530,1
ORD-00000521,0
ORD-00004026,0
ORD-00008480,0
ORD-00005702,0
ORD-00004787,0
ORD-00000453,1
ORD-00008037,0
ORD-00000662,0
ORD-00007537,0
ORD-00005955,1
ORD-00002192,0
ORD-00009825,0
ORD-00009101,0
ORD-00010702,0
ORD-00008820,0
ORD-00008963,0
ORD-00001700,0
ORD-00006002,0
ORD-00005855,0
ORD-00000448,0
ORD-00000764,0
ORD-00000214,0
ORD-00011840,0
ORD-00007665,0
ORD-00009910,0
ORD-00003640,0
ORD-00006020,0
ORD-00008397,0
ORD-00001025,0
ORD-00007969,0
ORD-00007800,0
ORD-00008745,0
ORD-00011829,0
ORD-00011063,0
ORD-00011061,0
ORD-00004129,0
ORD-00000130,0
ORD-00009301,0
ORD-00006863,0
ORD-00010973,1
ORD-00002960,0
ORD-00001461,0
ORD-00005378,0
ORD-00008528,0
ORD-00003523,0
ORD-00008728,1
ORD-00005454,0
ORD-00009559,0
ORD-00002730,1
ORD-00010169,0
ORD-00010120,0
ORD-00011486,0
ORD-00011962,0
ORD-00003824,0
ORD-00010055,0
ORD-00004217,0
ORD-00000648,0
ORD-00004350,0
ORD-00005744,0
ORD-00010995,0
ORD-00000816,0
ORD-00003562,0
ORD-00010727,0
ORD-00009294,0
ORD-00007636,0
ORD-00002537,1
ORD-00009447,1
ORD-00006500,0
ORD-00011177,0
ORD-00007150,0
ORD-00001152,0
ORD-00004141,0
ORD-00008684,0
ORD-00010003,1
ORD-00006893,1
ORD-00002293,0
ORD-00007377,0
ORD-00008090,0
ORD-00008762,0
ORD-00000754,0
ORD-00006116,0
ORD-00002358,0
ORD-00003847,0
ORD-00005733,0
ORD-00010877,0
ORD-00000935,0
ORD-00007093,0
ORD-00000865,0
ORD-00009099,0
ORD-00001946,0
ORD-00002702,0
ORD-00004430,0
ORD-00000574,0
ORD-00009131,0
ORD-00007414,0
ORD-00006755,0
ORD-00002646,0
ORD-00011590,0
ORD-00003289,0
ORD-00006308,0
ORD-00004816,0
ORD-00008429,0
ORD-00008055,0
ORD-00007459,0
ORD-00002780,0
ORD-00005809,0
ORD-00001483,0
ORD-00002538,0
ORD-00001466,0
ORD-00009683,0
ORD-00009484,0
ORD-00005675,0
ORD-00005822,0
ORD-00009816,0
ORD-00004839,0
ORD-00011596,0
ORD-00008085,0
ORD-00001681,1
ORD-00009881,0
ORD-00008137,0
ORD-00004811,0
ORD-00007571,0
ORD-00006884,0
ORD-00005661,0
ORD-00003008,1
ORD-00010335,0
ORD-00001518,0
ORD-00005507,0
ORD-00002300,0
ORD-00005045,0
ORD-00001147,0
ORD-00000139,0
ORD-00003443,0
ORD-00003246,0
ORD-00001769,1
ORD-00004153,0
ORD-00003446,0
ORD-00008802,0
ORD-00000857,0
ORD-00001890,0
ORD-00001660,0
ORD-00004349,0
ORD-00008769,0
ORD-00000205,0
ORD-00003384,0
ORD-00004251,1
ORD-00011425,0
ORD-00009374,0
ORD-00004028,0
ORD-00006666,0
ORD-00002234,0
ORD-00007899,0
ORD-00000181,0
ORD-00008373,0
ORD-00010610,1
ORD-00006232,0
ORD-00005566,0
ORD-00003099,0
ORD-00004923,0
ORD-00004520,1
ORD-00006362,0
ORD-00005511,0
ORD-00008131,0
ORD-00004610,0
ORD-00002571,1
ORD-00009365,0
ORD-00002311,0
ORD-00008861,0
ORD-00011082,0
ORD-00005257,0
ORD-00003177,0
ORD-00000678,0
ORD-00009323,0
ORD-00006562,0
ORD-00001387,0
ORD-00000804,0
ORD-00003600,0
ORD-00001018,0
ORD-00010364,0
ORD-00007925,0
ORD-00001254,0
ORD-00000971,0
ORD-00004527,0
ORD-00006227,0
ORD-00003756,0
ORD-00001091,0
ORD-00009229,0
ORD-00003540,0
ORD-00011791,0
ORD-00011787,0
ORD-00006681,0
ORD-00004752,0
ORD-00005139,0
ORD-00010936,0
ORD-00002391,0
ORD-00000288,0
ORD-00010636,1
ORD-00004622,0
ORD-00007167,0
ORD-00009157,0
ORD-00010854,0
ORD-00006982,0
ORD-00006835,0
ORD-00007541,0
ORD-00005737,0
ORD-00006398,0
ORD-00004073,0
ORD-00009639,1
ORD-00001109,0
ORD-00003960,0
ORD-00004733,1
ORD-00000827,0
ORD-00000650,0
ORD-00010671,0
ORD-00008795,0
ORD-00000247,0
ORD-00003504,0
ORD-00001023,0
ORD-00002313,0
ORD-00007329,0
ORD-00011658,0
ORD-00000983,0
ORD-00006724,1
ORD-00011011,0
ORD-00007945,0
ORD-00001953,0
ORD-00003800,0
ORD-00008232,1
ORD-00001035,0
ORD-00001750,0
ORD-00006271,1
ORD-00004196,0
ORD-00006120,0
ORD-00009564,0
ORD-00006951,0
ORD-00006899,0
ORD-00004052,0
ORD-00003811,1
ORD-00001505,0
ORD-00003861,0
ORD-00003843,1
ORD-00008287,0
ORD-00006321,0
ORD-00008864,0
ORD-00006926,0
ORD-00007513,0
ORD-00010505,0
ORD-00004016,0
ORD-00003502,0
ORD-00010643,0
ORD-00005381,1
ORD-00007573,0
ORD-00005325,1
ORD-00009218,0
ORD-00003631,0
ORD-00008103,0
ORD-00002216,0
ORD-00000454,0
ORD-00009718,0
ORD-00008835,0
ORD-00010548,0
ORD-00008315,0
ORD-00001991,0
ORD-00007125,0
ORD-00004955,1
ORD-00010577,0
ORD-00010258,1
ORD-00009567,0
ORD-00005264,0
ORD-00003467,0
ORD-00005334,0
ORD-00007206,0
ORD-00009177,0
ORD-00010778,0
ORD-00004699,0
ORD-00005168,0
ORD-00007464,0
ORD-00000937,0
ORD-00005796,0
ORD-00005950,0
ORD-00008091,0
ORD-00006131,0
ORD-00006293,1
ORD-00009593,0
ORD-00006675,1
ORD-00002191,0
ORD-00008102,0
ORD-00003453,1
ORD-00003234,0
ORD-00009648,0
ORD-00000479,0
ORD-00007102,0
ORD-00008958,0
ORD-00007024,0
ORD-00005318,0
ORD-00002111,0
ORD-00010383,0
ORD-00006216,0
ORD-00005389,0
ORD-00010607,0
ORD-00002092,0
ORD-00006436,0
ORD-00007230,0
ORD-00003064,0
ORD-00006141,0
ORD-00006832,0
ORD-00006453,0
ORD-00008142,0
ORD-00005456,0
ORD-00009992,0
ORD-00004272,0
ORD-00009643,0
ORD-00006902,0
ORD-00006410,0
ORD-00010853,1
ORD-00005864,0
ORD-00003020,0
ORD-00006146,0
ORD-00008498,0
ORD-00009658,0
ORD-00010530,0
ORD-00001051,1
ORD-00005797,0
ORD-00001022,0
ORD-00004402,0
ORD-00010128,0
ORD-00004110,0
ORD-00009876,0
ORD-00007987,0
ORD-00003537,1
ORD-00006616,0
ORD-00006268,1
ORD-00002501,0
ORD-00008904,1
ORD-00011654,1
ORD-00003406,0
ORD-00001166,1
ORD-00009525,0
ORD-00006824,0
ORD-00006521,0
ORD-00008978,0
ORD-00005393,0
ORD-00007252,0
ORD-00006033,0
ORD-00001695,0
ORD-00006402,0
ORD-00011845,0
ORD-00010528,1
ORD-00009134,1
ORD-00003157,1
ORD-00003780,1
ORD-00001436,0
ORD-00008815,0
ORD-00010923,0
ORD-00003014,0
ORD-00009265,0
ORD-00001519,0
ORD-00003373,0
ORD-00006395,0
ORD-00006307,0
ORD-00010894,0
ORD-00006001,0
ORD-00008092,0
ORD-00004458,0
ORD-00009476,0
ORD-00010850,0
ORD-00009325,0
ORD-00009161,0
ORD-00005621,0
ORD-00001356,0
ORD-00000582,0
ORD-00005685,0
ORD-00000625,0
ORD-00005056,0
ORD-00002805,0
ORD-00011623,0
ORD-00003397,0
ORD-00008992,1
ORD-00003601,0
ORD-00007027,0
ORD-00011684,0
ORD-00011693,0
ORD-00006031,0
ORD-00007268,0
ORD-00004433,0
ORD-00002678,0
ORD-00001462,0
ORD-00011064,1
ORD-00004185,0
ORD-00006807,0
ORD-00004969,0
ORD-00004380,0
ORD-00000519,0
ORD-00005919,0
ORD-00007186,0
ORD-00002996,0
ORD-00008804,0
ORD-00006931,0
ORD-00008195,0
ORD-00007946,0
ORD-00004802,1
ORD-00003378,0
ORD-00002409,0
ORD-00003451,0
ORD-00008193,0
ORD-00001982,0
ORD-00001938,0
ORD-00003260,0
ORD-00009756,0
ORD-00008778,1
ORD-00003584,0
ORD-00000392,1
ORD-00010920,0
ORD-00004143,0
ORD-00003941,1
ORD-00010018,0
ORD-00000331,0
ORD-00000500,0
ORD-00003953,0
ORD-00008980,1
ORD-00003005,0
ORD-00005009,0
ORD-00003423,0
ORD-00000025,0
ORD-00010781,0
ORD-00002918,0
ORD-00000956,0
ORD-00007315,0
ORD-00007723,0
ORD-00000749,0
ORD-00005970,0
ORD-00002166,0
ORD-00005499,0
ORD-00010466,0
ORD-00003743,0
ORD-00010267,0
ORD-00008053,0
ORD-00011429,0
ORD-00001818,0
ORD-00004484,0
ORD-00003147,1
ORD-00008032,0
ORD-00012000,1
ORD-00001935,0
ORD-00003518,1
ORD-00005682,0
ORD-00007669,0
ORD-00009862,0
ORD-00011669,0
ORD-00008807,0
ORD-00011114,0
ORD-00006701,1
ORD-00004877,1
ORD-00001465,0
ORD-00002374,1
ORD-00011612,0
ORD-00003761,0
ORD-00010649,0
ORD-00001234,0
ORD-00005129,0
ORD-00011287,0
ORD-00010141,0
ORD-00009107,0
ORD-00007976,0
ORD-00007224,0
ORD-00011630,0
ORD-00010470,0
ORD-00002427,0
ORD-00000882,0
ORD-00007204,0
ORD-00008112,0
ORD-00005256,0
ORD-00002418,0
ORD-00008402,0
ORD-00009376,0
ORD-00009963,0
ORD-00001577,0
ORD-00003874,0
ORD-00011252,0
ORD-00002908,0
ORD-00011225,0
ORD-00008378,0
ORD-00009592,0
ORD-00006425,0
ORD-00004275,1
ORD-00000854,0
ORD-00001516,0
ORD-00009911,0
ORD-00007394,0
ORD-00002012,0
ORD-00010115,0
ORD-00009672,0
ORD-00002243,0
ORD-00009115,0
ORD-00009384,0
ORD-00010664,0
ORD-00004091,0
ORD-00009629,0
ORD-00007926,0
ORD-00001850,0
ORD-00011591,0
ORD-00011830,0
ORD-00007793,0
ORD-00008253,0
ORD-00001821,0
ORD-00010441,0
ORD-00011620,0
ORD-00008230,0
ORD-00008199,0
ORD-00009900,0
ORD-00010897,0
ORD-00004497,0
ORD-00008748,1
ORD-00005174,0
ORD-00006134,1
ORD-00003148,0
ORD-00009361,0
ORD-00007452,1
ORD-00008847,0
ORD-00005130,0
ORD-00001713,0
ORD-00011592,0
ORD-00000344,1
ORD-00002122,1
ORD-00005358,0
ORD-00001909,0
ORD-00008000,0
ORD-00008416,0
ORD-00008753,0
ORD-00007843,0
ORD-00001369,0
ORD-00004118,0
ORD-00003236,0
ORD-00005716,1
ORD-00008179,0
ORD-00010590,0
ORD-00007911,0
ORD-00002448,0
ORD-00001920,0
ORD-00004223,0
ORD-00009558,0
ORD-00009222,0
ORD-00000456,0
ORD-00004246,0
ORD-00011996,0
ORD-00008225,0
ORD-00005451,0
ORD-00009422,0
ORD-00006363,0
ORD-00006586,1
ORD-00006182,0
ORD-00007990,0
ORD-00004476,0
ORD-00011125,1
ORD-00005464,0
ORD-00001004,0
ORD-00011195,0
ORD-00009335,0
ORD-00002268,0
ORD-00004287,0
ORD-00011183,0
ORD-00008206,1
ORD-00010786,0
ORD-00003546,0
ORD-00000370,0
ORD-00001317,0
ORD-00001983,1
ORD-00006561,0
ORD-00001007,0
ORD-00005314,1
ORD-00003520,0
ORD-00010380,0
ORD-00009283,0
ORD-00005112,0
ORD-00002403,0
ORD-00008859,1
ORD-00001926,0
ORD-00010996,0
ORD-00001522,0
ORD-00007314,0
ORD-00002900,0
ORD-00007208,0
ORD-00005758,0
ORD-00006557,0
ORD-00003135,0
ORD-00002837,0
ORD-00000875,0
ORD-00002061,0
ORD-00002497,0
ORD-00007654,0
ORD-00007369,0
ORD-00006551,0
ORD-00011474,0
ORD-00000041,0
ORD-00009813,0
ORD-00006794,0
ORD-00004941,0
ORD-00003986,0
ORD-00002433,0
ORD-00010791,0
ORD-00010931,0
ORD-00003572,0
ORD-00001303,0
ORD-00007506,0
ORD-00006046,0
ORD-00010410,0
ORD-00003531,0
ORD-00006587,1
ORD-00002380,0
ORD-00001795,0
ORD-00006224,0
ORD-00011249,0
ORD-00005873,0
ORD-00008391,0
ORD-00006160,0
ORD-00000352,0
ORD-00001053,1
ORD-00005861,1
ORD-00007233,0
ORD-00011920,0
ORD-00011884,0
ORD-00007086,0
ORD-00001803,0
ORD-00011663,0
ORD-00009343,0
ORD-00005382,0
ORD-00002294,0
ORD-00002004,0
ORD-00006901,0
ORD-00010903,0
ORD-00008841,0
ORD-00010363,0
ORD-00000948,0
ORD-00008985,0
ORD-00003232,0
ORD-00000695,0
ORD-00003398,1
ORD-00000341,0
ORD-00001748,0
ORD-00010188,0
ORD-00010593,0
ORD-00002455,1
ORD-00010348,0
ORD-00001422,0
ORD-00004210,0
ORD-00000116,0
ORD-00001745,0
ORD-00009050,0
ORD-00011161,0
ORD-00007274,0
ORD-00008353,0
ORD-00008044,0
ORD-00007211,0
ORD-00003271,0
ORD-00005180,1
ORD-00000217,0
ORD-00003312,0
ORD-00000423,0
ORD-00002645,0
ORD-00011933,0
ORD-00002065,0
ORD-00003790,0
ORD-00005103,0
ORD-00000979,0
ORD-00011713,0
ORD-00005007,0
ORD-00009250,0
ORD-00011518,0
ORD-00011554,0
ORD-00008993,0
ORD-00001912,0
ORD-00010415,0
ORD-00009259,0
ORD-00005909,0
ORD-00004374,0
ORD-00005787,0
ORD-00010202,1
ORD-00000209,0
ORD-00010814,0
ORD-00009839,0
ORD-00008697,0
ORD-00007496,0
ORD-00010041,0
ORD-00006630,0
ORD-00007390,0
ORD-00000317,0
ORD-00008560,0
ORD-00006167,0
ORD-00004822,0
ORD-00011091,0
ORD-00007759,0
ORD-00009939,0
ORD-00005109,0
ORD-00005044,0
ORD-00008128,1
ORD-00006897,0
ORD-00008614,0
ORD-00007495,0
ORD-00010670,0
ORD-00011484,0
ORD-00004975,0
ORD-00004330,0
ORD-00009425,0
ORD-00006147,0
ORD-00005792,0
ORD-00005478,0
ORD-00009375,0
ORD-00006239,0
ORD-00011257,0
ORD-00010122,0
ORD-00000808,0
ORD-00007756,0
ORD-00000105,0
ORD-00011049,0
ORD-00005416,0
ORD-00009136,0
ORD-00002792,0
ORD-00011946,0
ORD-00003834,0
ORD-00004162,0
ORD-00000997,0
ORD-00004074,0
ORD-00009427,0
ORD-00000869,1
ORD-00007928,0
ORD-00006423,0
ORD-00003708,0
ORD-00011931,0
ORD-00008292,0
ORD-00002602,0
ORD-00007362,1
ORD-00002449,0
ORD-00011531,0
ORD-00000822,0
ORD-00006885,0
ORD-00001780,1
ORD-00009459,0
ORD-00009039,0
ORD-00004514,0
ORD-00007231,1
ORD-00010035,0
ORD-00011717,0
ORD-00001557,0
ORD-00008877,1
ORD-00003575,0
ORD-00006044,0
ORD-00002155,0
ORD-00006895,0
ORD-00000452,0
ORD-00001867,0
ORD-00010067,1
ORD-00009485,0
ORD-00005376,1
ORD-00001277,0
ORD-00004179,0
ORD-00010362,1
ORD-00002451,0
ORD-00001882,1
ORD-00009969,0
ORD-00005081,0
ORD-00002733,0
ORD-00001072,0
ORD-00004328,0
ORD-00004735,0
ORD-00006302,0
ORD-00011033,0
ORD-00006716,0
ORD-00011860,0
ORD-00008688,0
ORD-00009741,0
ORD-00008268,0
ORD-00010444,0
ORD-00008596,0
ORD-00010922,0
ORD-00011443,1
ORD-00006377,0
ORD-00007554,0
ORD-00001789,0
ORD-00003984,0
ORD-00007317,0
ORD-00005734,1
ORD-00008564,0
ORD-00000576,0
ORD-00011688,0
ORD-00008961,0
ORD-00004959,0
ORD-00002559,0
ORD-00005635,0
ORD-00001481,0
ORD-00008672,0
ORD-00003179,0
ORD-00010396,0
ORD-00006930,0
ORD-00007514,0
ORD-00008683,0
ORD-00003557,0
ORD-00009473,0
ORD-00006097,0
ORD-00011686,0
ORD-00002415,0
ORD-00000615,0
ORD-00001230,0
ORD-00000902,0
ORD-00006800,0
ORD-00008419,0
ORD-00003794,0
ORD-00008400,0
ORD-00008110,0
ORD-00011341,0
ORD-00010637,0
ORD-00004022,0
ORD-00007203,0
ORD-00011842,0
ORD-00002426,0
ORD-00011473,0
ORD-00005205,0
ORD-00005844,0
ORD-00001055,0
ORD-00008916,0
ORD-00005930,0
ORD-00008083,0
ORD-00004697,0
ORD-00004142,0
ORD-00005425,0
ORD-00009632,0
ORD-00005980,0
ORD-00009078,0
ORD-00010072,1
ORD-00002622,0
ORD-00001567,0
ORD-00008935,0
ORD-00003687,0
ORD-00001362,0
ORD-00008520,0
ORD-00001246,0
ORD-00008715,0
ORD-00001636,0
ORD-00009983,0
ORD-00004233,0
ORD-00005014,0
ORD-00004489,0
ORD-00011036,0
ORD-00008719,0
ORD-00001114,0
ORD-00002411,0
ORD-00007853,0
ORD-00008363,0
ORD-00000789,0
ORD-00000898,0
ORD-00010536,0
ORD-00005779,0
ORD-00008439,0
ORD-00002565,1
ORD-00000776,0
ORD-00009392,0
ORD-00011803,0
ORD-00009456,0
ORD-00002386,0
ORD-00000463,0
ORD-00007048,0
ORD-00007170,0
ORD-00006091,0
ORD-00011673,0
ORD-00007936,0
ORD-00000074,0
ORD-00001622,0
ORD-00001525,0
ORD-00002132,0
ORD-00009024,0
ORD-00011909,0
ORD-00011720,0
ORD-00000757,0
ORD-00010379,0
ORD-00002667,0
ORD-00011404,0
ORD-00008393,0
ORD-00006304,0
ORD-00004218,0
ORD-00000436,0
ORD-00001098,0
ORD-00008712,0
ORD-00002478,0
ORD-00007511,0
ORD-00004513,0
ORD-00000256,1
ORD-00011413,0
ORD-00007574,0
ORD-00004058,0
ORD-00008071,0
ORD-00000714,0
ORD-00009276,0
ORD-00004240,0
ORD-00010308,0
ORD-00000235,1
ORD-00007148,0
ORD-00007171,0
ORD-00009373,0
ORD-00000818,0
ORD-00005763,0
ORD-00008415,0
ORD-00001385,0
ORD-00007096,0
ORD-00009722,0
ORD-00008265,0
ORD-00003928,0
ORD-00009126,1
ORD-00004182,0
ORD-00011269,0
ORD-00008047,0
ORD-00003729,0
ORD-00009127,0
ORD-00002920,0
ORD-00010728,0
ORD-00010900,0
ORD-00005755,0
ORD-00007286,0
ORD-00009316,0
ORD-00010030,0
ORD-00004506,0
ORD-00008613,0
ORD-00002817,1
ORD-00011445,1
ORD-00008042,0
ORD-00008883,0
ORD-00011619,0
ORD-00003552,0
ORD-00009414,0
ORD-00000711,0
ORD-00001062,0
ORD-00010497,0
ORD-00002534,1
ORD-00001100,1
ORD-00007871,0
ORD-00011889,0
ORD-00002360,0
ORD-00006185,0
ORD-00001228,0
ORD-00002561,1
ORD-00004447,0
ORD-00004450,0
ORD-00005641,0
ORD-00008535,0
ORD-00007644,0
ORD-00003298,0
ORD-00011740,0
ORD-00004324,0
ORD-00006938,0
ORD-00011902,0
ORD-00007795,0
ORD-00008563,0
ORD-00008543,0
ORD-00009499,0
ORD-00005671,1
ORD-00004149,0
ORD-00011913,0
ORD-00005287,0
ORD-00008548,0
ORD-00009548,0
ORD-00010911,0
ORD-00001041,0
ORD-00002990,0
ORD-00008791,0
ORD-00009486,0
ORD-00003251,0
ORD-00010019,0
ORD-00003940,0
ORD-00011985,0
ORD-00009028,1
ORD-00010217,0
ORD-00004318,0
ORD-00007780,0
ORD-00004685,0
ORD-00004360,0
ORD-00002786,0
ORD-00010883,0
ORD-00008379,0
ORD-00004847,0
ORD-00002125,0
ORD-00002767,0
ORD-00010660,0
ORD-00007137,0
ORD-00009429,0
ORD-00011260,0
ORD-00000237,0
ORD-00010910,0
ORD-00008118,0
ORD-00007199,0
ORD-00011337,0
ORD-00010824,0
ORD-00007059,0
ORD-00008002,0
ORD-00003973,0
ORD-00010135,0
ORD-00002804,0
ORD-00010031,0
ORD-00004495,0
ORD-00011166,1
ORD-00006416,0
ORD-00004776,0
ORD-00009814,0
ORD-00000587,0
ORD-00009916,0
ORD-00002997,0
ORD-00009190,0
ORD-00006928,0
ORD-00003820,0
ORD-00011228,0
ORD-00005147,1
ORD-00008521,1
ORD-00011154,0
ORD-00005987,0
ORD-00011382,0
ORD-00007143,0
ORD-00010739,1
ORD-00001105,0
ORD-00000933,0
ORD-00010184,0
ORD-00007297,0
ORD-00004573,1
ORD-00009366,0
ORD-00004933,0
ORD-00000127,0
ORD-00000826,0
ORD-00006995,0
ORD-00004777,0
ORD-00005563,0
ORD-00000273,0
ORD-00009176,0
ORD-00008424,1
ORD-00004477,0
ORD-00003644,0
ORD-00005616,0
ORD-00002576,0
ORD-00000005,1
ORD-00004957,0
ORD-00001596,0
ORD-00005883,0
ORD-00000220,0
ORD-00009462,0
ORD-00007477,0
ORD-00000493,0
ORD-00002480,0
ORD-00002055,0
ORD-00003727,0
ORD-00003645,0
ORD-00007188,1
ORD-00007938,0
ORD-00007140,0
ORD-00010235,0
ORD-00002760,0
ORD-00002316,0
ORD-00010136,0
ORD-00008784,0
ORD-00008347,0
ORD-00011565,0
ORD-00005031,0
ORD-00009886,0
ORD-00011489,0
ORD-00005680,0
ORD-00008951,0
ORD-00002133,0
ORD-00002153,0
ORD-00003133,0
ORD-00008300,0
ORD-00007283,0
ORD-00001884,1
ORD-00001674,0
ORD-00000096,1
ORD-00009995,0
ORD-00008412,0
ORD-00010909,0
ORD-00002554,0
ORD-00010000,0
ORD-00000198,0
ORD-00000815,0
ORD-00010867,0
ORD-00009289,0
ORD-00000298,0
ORD-00008530,0
ORD-00009729,0
ORD-00007750,1
ORD-00000421,0
ORD-00001281,0
ORD-00006958,0
ORD-00007226,0
ORD-00000994,0
ORD-00007012,0
ORD-00001906,0
ORD-00007528,0
ORD-00002876,0
ORD-00001079,0
ORD-00009607,0
ORD-00002146,0
ORD-00004093,0
ORD-00004543,0
ORD-00000981,0
ORD-00000049,0
ORD-00011589,0
ORD-00000968,0
ORD-00001638,0
ORD-00001020,1
ORD-00011514,1
ORD-00009420,0
ORD-00000575,0
ORD-00002401,0
ORD-00007388,0
ORD-00005595,0
ORD-00003091,1
ORD-00007885,0
ORD-00008725,0
ORD-00002314,0
ORD-00004595,0
ORD-00009734,0
ORD-00010984,0
ORD-00002816,0
ORD-00010158,0
ORD-00000656,0
ORD-00009464,0
ORD-00007791,0
ORD-00008823,0
ORD-00008717,0
ORD-00010316,1
ORD-00000415,0
ORD-00006014,0
ORD-00000369,0
ORD-00008506,0
ORD-00001061,0
ORD-00007032,0
ORD-00002637,0
ORD-00001156,0
ORD-00010511,0
ORD-00008050,0
ORD-00002801,0
ORD-00008654,0
ORD-00008470,0
ORD-00001455,0
ORD-00011007,0
ORD-00001779,0
ORD-00009586,0
ORD-00006310,0
ORD-00001719,0
ORD-00008396,1
ORD-00005466,0
ORD-00004427,0
ORD-00003323,1
ORD-00005037,0
ORD-00009403,0
ORD-00010907,0
ORD-00006128,0
ORD-00010342,0
ORD-00007998,0
ORD-00005140,0
ORD-00011423,0
ORD-00009030,0
ORD-00002346,0
ORD-00002926,0
ORD-00002521,0
ORD-00010752,0
ORD-00011470,0
ORD-00002878,0
ORD-00001416,0
ORD-00002728,0
ORD-00002194,0
ORD-00010063,0
ORD-00009732,0
ORD-00002790,0
ORD-00003180,1
ORD-00008536,0
ORD-00010357,0
ORD-00004264,0
ORD-00006237,0
ORD-00007939,1
ORD-00010917,0
ORD-00001404,0
ORD-00009130,0
ORD-00005313,0
ORD-00005218,0
ORD-00006387,0
ORD-00001712,0
ORD-00005721,1
ORD-00011533,1
ORD-00010846,0
ORD-00006606,0
ORD-00002054,0
ORD-00001273,0
ORD-00009060,0
ORD-00008941,0
ORD-00001786,0
ORD-00007355,0
ORD-00010481,0
ORD-00001598,1
ORD-00010382,0
ORD-00006391,1
ORD-00001897,0
ORD-00010233,0
ORD-00008964,0
ORD-00007245,0
ORD-00000151,0
ORD-00004140,0
ORD-00001808,0
ORD-00010852,0
ORD-00011922,0
ORD-00000182,0
ORD-00000008,0
ORD-00007002,0
ORD-00011983,0
ORD-00006496,0
ORD-00005000,0
ORD-00011157,0
ORD-00004561,0
ORD-00009407,0
ORD-00011477,0
ORD-00000390,0
ORD-00011428,0
ORD-00004872,0
ORD-00010990,1
ORD-00005372,0
ORD-00011671,0
ORD-00010336,0
ORD-00005483,1
ORD-00001372,0
ORD-00011136,0
ORD-00001908,0
ORD-00006139,0
ORD-00005576,1
ORD-00005124,1
ORD-00009949,0
ORD-00011783,0
ORD-00002257,0
ORD-00002558,0
ORD-00003186,0
ORD-00002999,0
ORD-00011964,0
ORD-00002879,0
ORD-00008882,0
ORD-00007775,1
ORD-00008893,0
ORD-00010326,0
ORD-00011165,0
ORD-00010022,0
ORD-00001027,0
ORD-00009822,0
ORD-00009631,0
ORD-00011135,0
ORD-00007022,0
ORD-00009284,0
ORD-00000314,0
ORD-00006651,0
ORD-00005969,0
ORD-00009721,0
ORD-00001130,0
ORD-00009084,0
ORD-00009879,0
ORD-00008914,0
ORD-00001271,1
ORD-00001108,0
ORD-00007446,0
ORD-00002318,0
ORD-00009064,0
ORD-00009075,0
ORD-00000743,0
ORD-00010114,0
ORD-00011015,0
ORD-00002239,0
ORD-00006273,0
ORD-00004391,0
ORD-00007336,0
ORD-00011617,0
ORD-00000741,1
ORD-00002539,0
ORD-00008938,0
ORD-00003360,0
ORD-00011003,0
ORD-00007772,0
ORD-00003812,0
ORD-00003224,0
ORD-00009922,0
ORD-00008421,0
ORD-00002688,0
ORD-00005677,0
ORD-00001370,0
ORD-00009714,0
ORD-00001485,0
ORD-00002278,0
ORD-00002670,0
ORD-00002442,0
ORD-00003258,0
ORD-00000161,1
ORD-00008601,0
ORD-00010310,0
ORD-00003248,0
ORD-00000007,0
ORD-00011651,1
ORD-00005699,0
ORD-00005513,0
ORD-00001649,0
ORD-00010009,0
ORD-00006389,0
ORD-00010928,0
ORD-00011012,0
ORD-00010411,0
ORD-00010011,0
ORD-00004407,0
ORD-00007683,0
ORD-00000788,0
ORD-00005982,0
ORD-00001718,0
ORD-00006384,0
ORD-00008713,0
ORD-00000485,0
ORD-00000940,0
ORD-00011369,0
ORD-00004102,0
ORD-00001574,0
ORD-00006607,0
ORD-00007758,0
ORD-00001496,0
ORD-00010976,0
ORD-00006783,0
ORD-00008680,0
ORD-00008146,0
ORD-00010244,0
ORD-00008456,0
ORD-00009387,0
ORD-00005296,0
ORD-00004688,0
ORD-00003589,0
ORD-00009304,0
ORD-00000504,0
ORD-00006918,0
ORD-00001775,0
ORD-00007796,0
ORD-00010879,0
ORD-00001497,0
ORD-00006430,0
ORD-00001340,0
ORD-00009346,0
ORD-00005998,0
ORD-00000581,0
ORD-00003046,0
ORD-00005553,0
ORD-00004739,0
ORD-00000229,0
ORD-00003149,0
ORD-00002486,0
ORD-00008218,0
ORD-00000334,0
ORD-00001161,1
ORD-00011642,0
ORD-00002963,0
ORD-00010252,0
ORD-00003153,1
ORD-00010810,0
ORD-00007406,0
ORD-00011768,0
ORD-00011607,0
ORD-00000377,0
ORD-00005903,0
ORD-00003591,0
ORD-00001030,0
ORD-00003542,0
ORD-00010539,0
ORD-00005489,0
ORD-00010805,0
ORD-00006967,0
ORD-00005959,0
ORD-00009198,0
ORD-00004546,0
ORD-00000713,0
ORD-00005516,0
ORD-00007712,0
ORD-00003758,0
ORD-00010106,0
ORD-00011347,0
ORD-00009512,0
ORD-00008696,0
ORD-00005494,0
ORD-00010519,0
ORD-00002609,0
ORD-00011492,0
ORD-00005064,0
ORD-00007259,0
ORD-00008034,0
ORD-00007352,0
ORD-00001045,0
ORD-00007398,0
ORD-00005060,0
ORD-00004493,0
ORD-00009443,0
ORD-00000011,0
ORD-00010697,0
ORD-00011233,0
ORD-00010480,0
ORD-00000675,0
ORD-00010534,0
ORD-00001849,0
ORD-00001255,0
ORD-00008405,1
ORD-00003510,0
ORD-00001365,0
ORD-00010563,0
ORD-00003926,0
ORD-00007392,0
ORD-00003763,0
ORD-00006098,0
ORD-00000114,0
ORD-00004562,0
ORD-00009090,0
ORD-00004841,0
ORD-00004855,0
ORD-00001315,0
ORD-00001846,0
ORD-00011813,0
ORD-00003338,0
ORD-00008556,1
ORD-00011020,0
ORD-00010828,0
ORD-00004000,0
ORD-00000129,0
ORD-00001708,0
ORD-00008384,0
ORD-00006529,0
ORD-00006839,1
ORD-00001687,0
ORD-00009703,0
ORD-00008312,0
ORD-00003954,0
ORD-00005881,0
ORD-00002494,0
ORD-00000988,0
ORD-00001848,0
ORD-00005093,0
ORD-00005194,0
ORD-00010459,0
ORD-00001616,0
ORD-00000986,0
ORD-00008777,0
ORD-00009538,0
ORD-00007912,0
ORD-00010350,0
ORD-00004519,0
ORD-00011837,0
ORD-00002892,1
ORD-00000591,0
ORD-00008620,0
ORD-00007126,0
ORD-00001169,0
ORD-00004738,0
ORD-00004112,0
ORD-00010726,0
ORD-00002681,0
ORD-00001445,0
ORD-00005386,0
ORD-00006392,1
ORD-00000612,0
ORD-00003308,0
ORD-00008891,0
ORD-00005907,0
ORD-00006186,0
ORD-00006803,0
ORD-00007254,0
ORD-00005637,0
ORD-00008390,0
ORD-00005988,0
ORD-00009535,0
ORD-00011227,0
ORD-00000945,0
ORD-00007962,0
ORD-00011819,0
ORD-00006347,0
ORD-00006568,0
ORD-00008735,0
ORD-00007881,0
ORD-00007816,0
ORD-00011224,0
ORD-00011665,0
ORD-00008615,0
ORD-00000670,0
ORD-00009947,0
ORD-00010971,0
ORD-00005030,0
ORD-00003957,0
ORD-00006048,0
ORD-00006610,0
ORD-00001903,0
ORD-00009572,0
ORD-00002259,0
ORD-00004549,0
ORD-00008722,0
ORD-00002001,0
ORD-00004081,0
ORD-00007727,0
ORD-00006417,0
ORD-00002491,0
ORD-00003479,0
ORD-00000705,0
ORD-00009007,0
ORD-00010795,0
ORD-00010140,0
ORD-00001069,0
ORD-00004537,1
ORD-00006945,0
ORD-00007295,0
ORD-00008269,0
ORD-00010789,0
ORD-00001814,0
ORD-00010052,0
ORD-00011357,0
ORD-00002875,0
ORD-00008547,0
ORD-00002072,0
ORD-00001263,0
ORD-00001697,0
ORD-00009817,0
ORD-00000242,0
ORD-00005547,0
ORD-00005743,0
ORD-00004745,0
ORD-00004395,0
ORD-00004967,0
ORD-00002283,0
ORD-00007878,0
ORD-00003284,0
ORD-00003199,0
ORD-00001489,0
ORD-00007429,1
ORD-00011769,0
ORD-00009153,1
ORD-00009739,0
ORD-00001816,0
ORD-00001297,0
ORD-00005360,0
ORD-00007415,0
ORD-00009691,0
ORD-00007152,1
ORD-00002642,1
ORD-00002327,0
ORD-00003673,0
ORD-00005320,0
ORD-00009241,0
ORD-00001721,0
ORD-00010508,1
ORD-00010126,0
ORD-00008880,0
ORD-00007739,0
ORD-00000853,0
ORD-00003249,0
ORD-00005015,0
ORD-00010051,0
ORD-00007602,0
ORD-00004335,0
ORD-00007971,0
ORD-00001504,0
ORD-00008323,0
ORD-00005047,0
ORD-00009627,0
ORD-00011150,0
ORD-00005196,0
ORD-00010472,0
ORD-00006772,0
ORD-00002206,0
ORD-00006407,0
ORD-00007037,0
ORD-00000722,0
ORD-00006746,0
ORD-00005263,0
ORD-00009067,0
ORD-00005617,0
ORD-00006818,0
ORD-00009140,0
ORD-00007518,0
ORD-00009746,0
ORD-00009547,0
ORD-00007542,0
ORD-00002966,0
ORD-00009774,0
ORD-00001925,0
ORD-00009633,0
ORD-00001397,0
ORD-00009472,0
ORD-00002124,0
ORD-00005251,0
ORD-00007924,0
ORD-00000492,0
ORD-00000721,0
ORD-00001607,0
ORD-00003172,0
ORD-00005874,0
ORD-00010346,0
ORD-00008517,0
ORD-00003972,0
ORD-00004465,0
ORD-00011424,0
ORD-00000985,0
ORD-00002052,0
ORD-00007890,0
ORD-00010769,0
ORD-00009573,0
ORD-00001741,0
ORD-00004442,0
ORD-00006802,0
ORD-00000505,0
ORD-00008027,0
ORD-00009981,0
ORD-00009883,0
ORD-00001475,0
ORD-00005549,0
ORD-00003439,0
ORD-00005154,0
ORD-00004810,0
ORD-00007508,0
ORD-00004029,0
ORD-00004665,0
ORD-00000922,0
ORD-00002985,0
ORD-00006029,0
ORD-00010164,0
ORD-00005106,0
ORD-00005567,0
ORD-00006312,0
ORD-00010200,0
ORD-00009555,0
ORD-00011628,0
ORD-00009869,0
ORD-00004422,0
ORD-00002803,0
ORD-00009818,0
ORD-00000528,0
ORD-00010133,0
ORD-00004059,0
ORD-00008570,0
ORD-00007672,0
ORD-00008324,0
ORD-00009965,0
ORD-00006791,0
ORD-00004913,0
ORD-00000600,0
ORD-00002526,0
ORD-00011848,0
ORD-00007467,0
ORD-00005578,0
ORD-00010261,0
ORD-00010319,0
ORD-00000908,0
ORD-00001591,0
ORD-00005252,0
ORD-00003598,0
ORD-00003848,0
ORD-00000143,0
ORD-00008366,0
ORD-00011614,0
ORD-00000685,0
ORD-00003073,0
ORD-00006536,0
ORD-00007578,0
ORD-00011314,0
ORD-00006934,0
ORD-00009389,0
ORD-00002181,0
ORD-00005191,0
ORD-00000738,0
ORD-00006655,1
ORD-00002456,0
ORD-00006890,0
ORD-00011463,0
ORD-00007309,0
ORD-00002297,0
ORD-00008675,0
ORD-00011280,0
ORD-00007015,0
ORD-00004434,0
ORD-00002584,0
ORD-00008692,0
ORD-00011678,0
ORD-00000624,0
ORD-00002208,0
ORD-00002320,0
ORD-00003425,0
ORD-00003711,1
ORD-00002798,0
ORD-00010621,0
ORD-00001500,0
ORD-00010926,0
ORD-00005923,0
ORD-00004563,0
ORD-00000631,0
ORD-00003568,0
ORD-00001050,0
ORD-00007269,0
ORD-00004620,0
ORD-00007164,0
ORD-00009634,0
ORD-00003855,0
ORD-00004557,0
ORD-00000053,0
ORD-00003726,0
ORD-00011993,0
ORD-00009363,0
ORD-00005155,0
ORD-00006773,0
ORD-00002073,0
ORD-00007353,0
ORD-00006440,0
ORD-00004692,0
ORD-00007856,1
ORD-00004365,0
ORD-00010943,0
ORD-00011001,0
ORD-00000222,0
ORD-00000636,0
ORD-00005255,0
ORD-00011386,0
ORD-00009505,0
ORD-00000464,0
ORD-00004291,0
ORD-00011794,0
ORD-00010102,0
ORD-00002488,0
ORD-00009163,0
ORD-00001412,0
ORD-00004285,0
ORD-00005756,0
ORD-00000763,0
ORD-00009988,0
ORD-00000831,0
ORD-00001435,0
ORD-00011234,0
ORD-00005146,0
ORD-00000363,0
ORD-00000484,0
ORD-00010438,0
ORD-00007405,0
ORD-00011644,0
ORD-00010265,0
ORD-00002891,0
ORD-00001126,0
ORD-00006513,0
ORD-00010422,0
ORD-00010568,0
ORD-00008909,0
ORD-00001048,0
ORD-00002692,0
ORD-00001676,0
ORD-00003314,0
ORD-00004743,0
ORD-00000534,0
ORD-00006036,0
ORD-00009092,0
ORD-00007124,0
ORD-00003949,0
ORD-00008009,0
ORD-00008479,0
ORD-00006372,0
ORD-00002895,0
ORD-00007733,0
ORD-00005061,0
ORD-00002797,0
ORD-00005552,0
ORD-00001011,0
ORD-00008740,0
ORD-00002671,0
ORD-00002069,0
ORD-00002753,0
ORD-00011465,0
ORD-00007749,0
ORD-00004523,0
ORD-00011545,0
ORD-00011744,0
ORD-00007562,0
ORD-00008322,0
ORD-00002495,0
ORD-00000150,0
ORD-00006437,0
ORD-00009905,0
ORD-00011408,0
ORD-00003906,0
ORD-00003286,0
ORD-00004907,0
ORD-00005753,0
ORD-00001641,0
ORD-00006449,0
ORD-00005265,0
ORD-00001526,0
ORD-00007019,0
ORD-00005413,0
ORD-00000868,0
ORD-00010944,0
ORD-00010476,0
ORD-00008178,0
ORD-00005992,0
